Users,Landing_Page_Visits,Leads,Conversions
5007,2469,492,151
9951,4982,800,143
6939,4971,1416,375
8724,6887,2744,934
6420,3154,1012,241
6256,2674,917,186
7974,3591,1718,459
6806,4432,1253,499
7382,4949,2106,198
6761,3919,930,134
5046,2178,758,285
9605,7407,3016,1200
8107,6258,2696,661
7911,4409,832,46
6278,4572,923,314
8027,6095,1528,413
7840,4729,946,221
8124,5204,1644,637
6109,4234,1790,172
9290,7028,1134,193
6960,3032,797,214
6704,2823,1102,56
9675,6482,2472,872
7001,2933,573,181
5167,2282,831,109
8476,4822,2346,370
9446,4466,1565,245
6889,5232,1207,424
7192,3830,1171,190
8444,5328,1253,185
8827,3565,1114,344
7905,4785,2087,527
7392,5351,821,144
5515,4342,1151,289
7107,4772,1687,627
7811,3757,1074,223
9059,4939,2037,105
8493,3930,646,198
8009,4285,1927,769
5450,3403,1671,114
9764,5809,1417,374
6637,4974,723,136
7822,3766,1864,461
6428,3686,885,139
9301,6072,1802,565
9211,7299,1438,118
7091,3442,420,34
6238,4573,686,164
8635,5587,1090,176
7658,3473,1719,641
9700,6921,2896,339
8890,4177,1120,360
8990,6112,1391,544
5781,2868,451,74
9878,5801,1705,632
8197,5847,2706,435
9258,6052,3009,734
5010,3487,1606,80
8441,6088,768,109
8476,3508,572,39
8726,5167,809,48
9140,7259,1195,476
8814,6329,947,300
8591,4693,650,109
9887,5082,1220,351
8142,5552,905,212
6816,3100,489,181
8952,6741,2088,286
8920,3860,699,160
8965,5590,572,29
9446,6978,2640,804
5126,3526,815,205
8977,5334,2106,564
9342,4594,2100,638
8178,5235,2461,451
9529,7494,1282,134
8313,3642,1344,153
9791,4039,525,160
6536,3711,1058,421
7153,4552,1232,255
6327,3436,622,68
8993,6178,2532,188
9825,5984,2784,608
6721,3621,735,220
7321,5253,1049,273
7754,3409,607,92
6947,2890,1083,279
7896,3337,408,97
5162,3746,470,59
8480,6099,1034,199
9664,7077,2252,802
9924,5095,1024,320
9437,5630,2786,1045
9305,4911,1267,458
8978,5700,1641,224
8833,6519,822,289
7616,3107,1187,314
8498,5335,2216,857
6710,3223,753,89
5297,3962,1546,263
6411,5018,958,182
5408,3954,1657,96
7849,3245,1028,223
6591,3434,889,338
5068,2492,967,324
8624,6299,2178,260
8744,3560,1114,165
8325,6402,1180,462
7603,4827,2122,150
7139,4980,1358,283
8563,4986,1387,499
8155,5568,1004,295
5841,3117,1472,579
5157,3424,1101,430
7662,4385,1250,391
9190,7101,3486,767
8081,6240,1537,412
9935,6240,703,230
6748,4786,917,139
8284,5773,2301,484
6194,4227,686,194
9909,7824,1270,184
7270,5460,1541,431
6434,4491,1262,127
5860,2529,718,141
6997,3792,711,60
6034,3242,542,187
5326,3221,1312,204
7618,5658,1932,722
9178,6137,1402,456
5814,4119,736,118
5111,2129,960,250
7728,3256,503,102
9490,7320,2441,810
8234,3983,1370,397
9747,6996,3097,863
8709,5393,661,201
6633,3580,798,157
7097,5006,2435,474
7738,6081,1991,344
6912,3480,929,98
7211,3900,884,156
7845,4058,648,175
5424,3568,623,99
8681,5987,2464,290
9022,5335,1054,405
8790,4270,802,203
8961,4735,1077,66
8463,5915,2380,769
6842,5155,1382,395
7406,4467,497,92
5489,2741,836,245
9400,6262,1322,489
6096,3997,1132,142
6241,4766,2160,507
7674,3944,704,225
5677,4126,971,76
7909,5285,2526,790
8725,6421,2628,833
5521,2435,510,124
8755,6398,911,295
6432,3800,1799,512
7515,5334,843,137
5586,2777,682,69
5050,2722,633,244
9385,5310,777,195
5067,3141,440,131
8252,4985,1061,253
8891,4397,1087,337
7971,6069,2959,306
5329,4144,1303,166
7263,3594,1666,581
6413,3568,540,37
9388,6776,1324,277
9361,6675,1102,128
9323,7360,1840,458
6192,4823,2252,479
8336,6252,1360,419
5040,3198,1081,170
8437,4515,2104,415
9209,5608,1688,222
6727,4765,1482,127
5662,2501,802,103
7688,5237,1110,404
5613,4257,1138,249
6445,3120,1369,326
5890,4267,1108,342
6795,5139,1374,484
5031,2147,314,18
8227,6443,1838,172
8226,4942,658,131
6287,3666,758,90
6046,3875,1905,411
9511,4617,2132,565
9738,6480,2258,500
9651,6982,2688,773
9789,5177,1009,57
5325,2674,421,100
9094,6966,2231,673
8504,4991,2291,913
9538,6214,2690,233
9056,6720,2255,121
6596,4530,2237,339
6490,3431,683,112
6356,2594,1055,351
6064,3562,760,104
7461,3725,1824,248
6449,3661,753,267
6315,3683,906,181
6606,4929,1432,401
8538,6033,1379,169
9173,4388,922,240
6817,3588,1034,375
7214,4569,1949,596
6851,4289,1756,173
6307,3899,1082,103
7219,5637,1269,108
6297,4263,650,241
8613,3779,1692,445
7277,5648,2566,143
7814,4573,579,198
6221,3933,1571,258
6477,4713,2137,612
5130,2489,982,341
8590,5194,1225,384
9641,7170,1947,657
6088,4229,931,308
5666,3060,970,99
6102,3878,1768,328
7090,2858,1053,389
9828,4117,1166,96
8443,3760,1669,653
7166,4856,487,62
7855,5090,1067,284
7077,5424,1488,244
5612,3835,1292,508
6968,3959,1972,460
9950,7430,2643,270
9906,4131,1043,361
7693,3108,1211,230
9401,4701,2320,807
8117,3661,1261,258
9381,4766,1147,431
5887,3074,1146,79
7333,4269,1219,480
5768,3716,1167,247
6436,3481,1678,300
8800,6924,1901,122
8806,5430,1224,158
8470,6356,2249,358
8216,5923,1938,590
9408,3944,1021,300
9686,5700,1260,453
7715,5574,1728,654
6241,4759,787,239
8923,5827,1207,352
8614,6657,2930,1068
7354,4892,2268,217
7419,3586,922,71
5333,3324,1441,428
7332,5149,727,115
8085,5389,1005,199
9051,3922,1328,348
8624,4267,1583,605
7722,5213,1046,372
7820,4780,2274,697
6983,2879,1005,201
9046,6290,2947,964
6335,2735,389,43
6798,3221,1073,356
6803,5182,1226,265
6759,3555,1587,224
9884,4089,430,91
9131,3716,1511,492
9640,7463,1236,346
8715,4784,2181,213
9530,6179,1760,513
9808,5547,936,319
8622,4184,1787,183
9550,7172,2160,154
9369,7306,910,63
8130,6464,731,42
8708,3627,730,41
8870,3726,1436,476
9579,7118,1948,601
9034,4250,1319,500
5052,3155,487,85
8125,5134,1992,593
5829,3874,947,183
7195,2986,698,171
9376,4907,1632,332
9445,5720,2323,453
7738,3634,398,54
7964,6192,740,187
5381,3936,544,76
8247,3758,1647,163
8834,5904,2610,815
9834,5547,1971,544
8426,4420,523,79
5399,2787,1115,301
6878,4574,2044,121
5955,4534,2113,836
6226,4573,1925,213
6675,3601,1006,381
5196,3549,1006,74
8560,5229,1562,465
6189,3565,1032,131
8605,4463,1364,529
8152,3525,467,74
8820,4206,1791,114
6322,3961,400,24
6226,4305,484,169
5582,2314,255,18
9200,5075,2334,793
7719,3599,1792,183
7703,4936,1080,158
9825,7328,1100,432
6704,5174,556,168
7229,5451,2511,253
5340,3999,972,140
6355,4069,1208,261
6416,3189,797,286
5942,4152,1921,574
8772,6050,2619,768
8194,3823,1752,308
6162,2945,800,223
6162,2734,510,56
8536,5117,1743,434
5112,2702,498,122
8553,6500,1495,434
6943,2878,1375,185
9713,5144,2306,209
8575,6434,1768,686
9383,7502,1712,177
5614,3869,1282,215
5921,4501,1823,646
9497,3860,685,176
6739,4775,2209,276
8817,5154,902,196
6114,4134,1422,489
8444,4829,1544,611
7657,4806,1112,305
8392,4229,1372,190
5846,3680,1663,556
7858,4057,941,313
5666,2901,1317,475
8266,4387,548,53
9218,4427,1387,246
6023,2945,639,84
5501,4250,2006,252
9730,5660,672,119
5830,3764,404,26
9274,5830,2470,856
5732,2901,1148,399
6864,2746,444,168
6294,2780,1325,98
8456,6192,2783,695
7596,3370,664,34
9617,4642,1735,444
9769,7474,2028,170
9840,7115,2307,427
9810,4133,1721,281
5687,3738,1316,218
6973,4227,581,68
8693,4746,1625,140
7627,4568,795,44
8913,4103,1141,356
7287,5697,1464,542
5649,2647,353,128
7673,3640,508,138
5627,3080,1278,118
7416,3597,1188,295
8817,4630,2266,191
8176,3400,1633,374
7506,4846,854,299
9006,4471,1977,236
5424,4276,985,370
9490,4229,714,132
6071,2616,734,92
8193,3848,823,185
8015,4945,1500,531
8832,6173,2216,320
7360,4589,1015,111
8495,6321,2007,549
7299,4652,1629,476
8900,4053,1404,105
7099,3366,1581,218
8739,4745,1705,156
9338,7171,1671,499
9172,5356,738,173
7345,5506,1622,589
9429,4053,1339,384
5353,3611,1164,169
8080,4742,1517,255
7310,3430,857,168
5035,2178,1052,88
6805,3580,1235,459
9681,7050,1331,392
5754,3776,387,117
5080,2970,974,273
5329,3933,1567,321
8479,4005,575,105
5806,2970,850,206
8326,5175,2529,779
7470,4749,1413,246
9519,5029,2219,493
7190,4326,675,187
9749,4367,1226,180
7446,3011,726,248
9094,6929,771,96
8473,4885,1506,529
5389,2653,688,35
6287,3344,1152,317
8693,5277,1681,362
8985,6995,1968,268
8294,5709,801,306
8172,6368,1764,219
8735,3885,1897,421
6498,3062,642,157
8031,4378,1111,426
9986,4970,2169,592
7036,5507,1696,127
8979,4206,424,82
7214,3375,1065,375
6242,3714,1666,527
8484,5758,2165,147
6024,3323,1338,340
9224,3850,443,39
9772,6902,1184,99
5651,4397,1468,567
7630,5525,890,262
6260,4607,1849,162
8759,6474,1235,207
9761,6869,1560,448
5408,3905,455,166
8753,3769,1019,74
7584,3199,647,51
8608,3702,419,37
6944,4420,678,163
5784,2871,737,156
9426,3876,918,98
8860,3815,1695,402
7378,3153,697,118
9484,6174,1642,178
9705,4436,1168,71
7456,5504,1869,158
9480,7556,3484,646
7039,4057,1500,344
8232,5063,2204,283
6997,3526,616,199
8758,5799,2527,630
9923,7600,2888,921
8114,3832,835,157
5644,4409,2020,730
5857,2861,1047,345
8774,4442,1275,310
6793,5194,1982,572
7562,4819,494,50
7017,2895,664,212
8816,6357,2610,685
6162,4047,1795,214
5765,4019,1688,245
8810,4094,1606,595
8186,6132,1833,216
8012,5713,1004,203
5860,4588,662,227
7976,4494,2110,337
5413,3287,605,64
9940,6766,1340,298
8635,3814,1482,173
6132,2968,1194,470
5648,2910,766,213
5199,4045,525,119
8458,3387,995,202
5431,4331,1841,489
5851,3266,1478,258
6332,4174,1503,189
8137,4591,1716,241
6775,4834,529,46
7309,5702,1056,383
5682,3290,1312,501
9833,4641,1448,195
7783,3804,1273,499
7258,3674,1558,378
7684,3754,1380,185
6373,2582,691,156
8168,6083,2978,229
6724,4521,889,88
9777,5927,1398,178
6216,2851,1046,386
8327,3466,668,255
9375,5192,1309,252
9898,3980,1498,201
6048,2557,601,98
5270,2262,277,46
9122,6625,2146,522
5398,3727,1520,166
6531,3420,1358,342
8945,4665,1625,291
5726,3079,1250,335
5192,3251,584,144
8984,6684,2630,554
7874,4652,558,51
8338,3830,1516,159
7396,3427,412,70
6209,2625,1072,331
5694,3963,1799,300
8697,4867,2100,310
7412,5686,1361,446
6612,3464,1697,602
9187,6608,2031,616
8649,5172,1301,268
8840,6536,2176,270
8564,5348,1187,472
7895,3765,645,108
5798,4177,690,138
8450,3399,570,132
7065,4251,813,201
7221,3454,1570,89
6561,3511,919,334
6704,3778,377,135
8439,5265,1166,109
8357,4528,2256,783
6197,4077,1608,168
8259,3922,1182,159
7733,5536,835,193
8288,5310,1498,587
6497,3512,1249,272
7633,4677,2186,403
6536,3670,1089,252
9498,7123,2273,298
5514,3410,1115,419
6493,4645,2231,841
9965,7154,1685,483
6126,4248,1887,196
8062,5645,1538,338
6656,3260,1292,237
7638,5716,1676,667
8390,5731,1843,125
5844,2463,570,80
6403,4219,1121,248
7116,4218,1308,443
7618,3481,1189,362
6451,3801,943,362
7284,5600,2428,300
8570,6431,2492,214
9963,4329,1214,311
5506,3172,1249,251
5878,3549,364,60
7292,4932,1664,534
7999,5652,1753,424
8223,6014,1839,298
5974,3814,1302,310
6593,4963,2089,786
7966,4959,587,83
5552,2272,362,75
8514,4967,515,77
7701,3576,697,175
6512,4100,2013,736
5042,3389,845,235
5102,3430,1134,133
6418,3826,1897,180
8157,5601,1965,122
8170,3641,613,211
9510,7409,3126,672
5337,3934,1261,249
9141,6782,3378,481
8277,3420,1374,275
5664,2785,1386,240
9504,4178,1906,591
8289,6184,1068,317
6193,4334,1730,356
5011,2197,657,183
7015,3934,597,152
6573,3975,1300,356
9917,6803,935,295
8540,4418,1788,146
6424,3315,810,276
6524,3996,1692,252
7847,4788,1785,327
6341,2820,1272,186
6092,4173,727,246
5899,2780,995,352
6132,4537,2021,200
6747,4785,914,212
8317,6590,2723,500
6017,2818,602,68
8397,6531,2783,681
8280,5738,1757,312
8434,6346,2325,698
9493,3927,973,333
5187,2740,1179,64
9558,3935,587,141
5728,2708,480,121
9492,7154,972,156
9322,5260,2523,835
7151,4781,1369,504
5029,2985,868,275
8601,5069,1118,262
8348,5508,1585,85
9952,5711,1108,219
8115,3313,1592,466
6592,4747,974,103
7950,4049,1903,611
6246,4175,1232,326
8554,5673,1559,258
9552,4373,1843,639
5448,2537,755,207
7066,4092,846,132
8240,4422,1211,144
7294,3715,1024,107
8167,4277,932,368
7448,3737,1002,354
6663,2960,438,127
8758,3810,1813,389
6356,4779,1701,589
6391,4639,822,243
7592,4537,1886,462
6634,3502,723,233
9535,6433,2177,199
7302,3239,1508,536
8620,3798,1542,146
9462,4318,642,235
8912,6031,1919,243
9644,7026,2691,500
7385,4538,820,259
5960,2786,390,35
7070,3780,601,235
7621,5557,2696,841
5870,3551,1555,219
6007,3486,1544,556
7229,4797,952,61
9779,5299,1713,92
5030,2020,595,97
9105,7068,3065,262
7406,5067,1361,458
6840,5357,1688,311
7811,5780,1921,512
9907,5444,1353,457
7976,4398,499,51
9093,4161,1240,484
7606,5498,1634,454
7887,5109,594,43
5587,2806,826,197
9762,7653,2330,826
6642,4696,722,263
6466,4869,767,239
7530,3536,1678,654
7707,4909,864,194
5096,4058,912,174
9982,5388,1180,150
5017,2816,1022,214
5975,3673,1310,458
7752,3238,1505,103
8814,4321,1128,144
8406,4448,1832,714
6973,2815,706,230
7318,3851,754,111
8773,5422,2475,849
6621,2699,792,79
9773,5988,1534,434
8116,5842,2700,323
7520,3447,1639,386
9668,7585,2128,577
9576,5419,584,179
8939,5142,580,213
8578,5197,1785,584
6598,3676,1620,250
5777,3818,1718,592
7674,3615,1664,119
9357,7187,3040,935
6480,4842,2173,476
5333,3508,1531,312
5890,4215,1838,542
6524,4458,1029,73
8358,4929,1269,451
6058,2800,635,89
7962,4217,682,228
6568,4950,1152,187
9312,6205,2872,881
9603,7164,3499,1300
7942,5965,955,278
6645,4059,1480,195
9863,5667,2758,813
6016,3439,628,185
8178,4723,2059,769
6665,5188,1134,158
7555,3476,918,357
7200,3317,1547,448
8302,4606,567,91
8571,6177,1725,394
7030,5208,1574,498
7072,5163,2376,158
5661,3582,1180,197
7928,5891,2816,1014
6152,2935,666,58
9255,5918,1760,413
8055,4280,466,117
9558,4867,2411,362
9813,4316,834,159
9418,5141,2424,893
9161,3792,986,70
6782,3668,609,64
6292,3711,994,363
8315,4515,1036,116
6144,4352,2092,232
9069,4646,1897,482
9434,4056,742,292
5427,2603,822,169
8793,6401,2355,548
9782,6401,2123,720
7205,4545,2121,622
8272,5090,739,294
6186,4327,502,132
8378,4009,1382,272
6588,3187,1268,211
8556,3868,1639,648
5905,3163,583,194
7986,4069,716,241
5768,4418,1923,227
9708,3931,923,194
9740,5743,2089,121
7854,5437,871,206
5326,4061,1707,129
9146,7192,3483,414
5115,2187,1068,158
8457,4042,1243,417
7795,6232,1219,104
9426,4952,774,284
7863,3320,658,163
7033,5439,1896,166
7258,4074,1117,441
9122,4710,1370,69
5687,2617,758,81
9607,5476,2285,261
6456,3532,1527,540
5288,4069,429,73
7908,3833,1791,612
5615,2440,623,40
8909,4548,892,343
6424,3972,1979,690
7177,3812,568,123
7317,3840,877,90
6871,3842,1778,228
8748,6552,1901,246
8048,5352,2517,744
8139,4971,977,177
9636,5407,1421,72
5877,2516,303,55
9241,6965,1962,490
9491,4283,429,29
5724,2716,615,149
6859,3978,1535,494
8478,3866,1506,372
8257,5416,1468,243
9240,5523,580,102
9062,5429,827,165
9936,7817,1538,533
9869,6607,704,43
6608,4578,855,148
5833,3755,1161,447
7618,3838,576,196
9413,4002,1786,173
8463,5284,655,114
5687,3290,1350,76
6385,2868,798,243
9616,7152,2468,212
5354,3205,940,173
6765,3934,1067,390
9811,5562,2069,202
7410,5150,982,161
9333,3926,1157,388
9264,4503,1904,516
7797,5932,961,303
7562,3146,431,166
7583,4885,1667,616
7799,3872,1879,282
6334,3902,1060,163
9074,5557,2366,189
5072,3360,967,175
8587,4024,780,250
9994,6559,1928,270
9936,7080,1959,665
9850,4632,930,233
7749,5546,1337,235
6629,2974,763,149
7877,3978,1765,564
8260,4499,1003,161
8037,4215,1981,595
6459,4479,472,92
8255,4189,634,212
9609,6729,745,92
6785,2869,1167,184
5326,2809,420,94
7620,5830,1921,599
6720,3724,1531,161
5355,3149,931,340
8848,6203,863,48
5601,2360,1026,60
7590,5163,942,195
5105,2173,299,101
7842,4870,1982,190
8253,5319,591,129
7189,3291,1142,228
9596,7104,1904,591
8035,5042,1380,172
6095,2815,1187,306
6713,4996,592,220
6883,5024,1992,138
7556,5049,1929,693
5523,3104,1414,174
5594,3343,1106,87
5437,3704,607,98
6581,3423,405,92
8268,5276,1460,255
5843,3791,1471,141
6861,3353,392,84
5599,2527,503,25
5152,2400,979,52
5763,2353,452,154
5695,3989,1007,250
5432,3931,1567,277
7263,5228,1422,271
6366,4914,2007,420
6088,2641,549,72
9301,7182,3470,1056
9178,5513,758,119
7144,3981,1594,401
9805,4478,580,56
7337,4353,1906,113
5918,3980,615,62
7189,3131,1047,181
7261,5744,1340,132
5805,4450,1521,427
5077,3832,456,48
7092,3998,1809,605
8530,6332,2442,802
6112,2751,655,97
7689,5876,1693,360
5520,4095,1435,414
5945,3774,1310,260
5546,3687,1312,101
8963,4842,784,115
6597,5142,2145,492
6976,2976,844,283
5978,4521,1899,140
7915,3993,1882,210
5964,4306,608,228
8152,3421,829,133
5981,2976,929,169
7122,3412,525,148
8485,6714,1367,244
5305,2567,307,40
8676,4758,1772,689
5803,3013,899,208
5422,4307,484,87
5464,3531,781,247
8125,4419,1163,99
7049,5379,1274,465
7307,4989,535,178
8563,5834,1254,227
7233,4300,569,65
8830,5290,541,189
8374,5797,1398,537
9428,3809,969,64
6861,3944,1837,726
7721,6118,925,171
6487,4291,1631,541
7742,4269,876,184
7254,3395,1015,236
9419,5118,1393,330
9010,5333,1565,605
5843,3811,1543,417
6473,5134,551,84
5343,3197,740,199
8343,4550,1074,87
7295,3658,504,83
6063,4283,446,49
8536,4998,1937,507
7286,5027,2277,537
8655,4444,997,302
9956,5461,1972,332
7685,6011,2993,1181
8753,4318,715,115
5990,3159,665,45
5245,3165,1352,195
9603,5860,593,159
5958,2541,856,270
8094,6382,1858,250
9234,4811,1868,603
5534,2332,726,121
8772,4403,1349,144
6013,3366,1292,128
5435,2677,856,287
9582,4426,2188,290
8388,5056,1917,243
6284,4515,1908,684
6040,4118,1107,196
5598,3191,1541,611
8361,3758,1049,151
9570,7483,1784,501
5655,3023,1438,169
7680,3388,849,99
6387,3414,840,279
9958,6759,2180,815
6075,3040,1336,484
6455,3054,708,242
9018,4558,1968,500
8500,5275,871,78
6006,4503,761,127
7268,3291,922,136
8504,3890,798,109
5743,3281,963,376
9649,4343,455,46
6990,5533,1165,249
5681,4269,2044,764
5212,2219,1002,71
8170,6231,694,215
8612,4424,1865,491
7014,3711,1029,181
9458,5063,2160,817
7004,2997,635,106
6238,4438,1420,164
8038,3802,1879,570
8803,4253,981,163
5558,3931,1784,268
6404,2715,1224,460
7570,4045,653,102
9416,5879,1160,291
6468,2886,436,121
8238,4696,1010,222
8700,4711,1458,231
9352,4944,2329,558
9872,5016,1297,246
9327,4996,2473,154
6236,3472,901,142
5073,2289,768,196
5904,2852,1385,75
6410,4898,1668,462
6692,5205,1326,80
8925,7113,2206,544
8301,4909,1558,111
5041,2289,325,112
7408,4989,1306,481
7141,5532,1717,455
7804,3218,1324,124
6175,2524,258,94
8074,5207,2215,675
6068,2522,524,187
5665,3153,1217,258
9322,5136,2100,414
7994,3514,1559,401
6758,4719,2268,475
8360,3708,1705,187
7426,3783,1336,452
9002,6219,2426,283
6359,4116,1567,487
7328,4316,1325,479
5973,2506,1021,240
5712,4028,1132,156
6929,5059,2165,124
8030,3540,1407,392
8756,6956,2058,501
7693,4146,1267,369
7203,4103,1462,559
7828,4429,1032,214
8660,5656,1823,520
6855,4313,1983,198
5625,3511,787,77
7973,5681,2134,475
7180,5537,641,163
5885,4288,648,255
8801,6058,2750,684
6459,2714,1252,464
6484,3238,1060,345
6200,2740,928,338
5481,4066,1072,375
8166,5396,1827,437
7423,3068,1381,69
9956,6862,1110,232
9062,4846,1454,184
7013,4329,1949,584
9609,6071,779,92
6593,3065,553,119
9052,5064,1545,90
9350,5334,1850,150
5550,3585,1372,257
8602,6501,1131,345
9424,6088,2064,589
6139,4134,981,195
7323,4875,1104,128
6154,2669,334,52
8656,4500,673,150
9698,5437,2281,871
7109,4107,1161,318
9804,7223,2886,273
9547,5825,2487,824
7194,5224,2180,659
8684,6622,3261,1177
5783,3923,799,210
9303,4142,534,84
6172,2964,916,317
5801,4241,2058,518
6220,3890,703,208
5463,3312,1051,225
5577,4392,1158,383
5479,2997,1047,281
8661,3606,989,357
7196,3612,1789,308
5443,2797,1151,398
9201,5566,2277,742
7477,3012,743,133
9367,7449,3024,1078
8210,3487,1076,277
7045,3472,1537,276
8104,5421,2238,327
9787,7741,2849,229
5074,3068,602,49
7017,3766,1240,402
8752,4069,1860,343
5778,4399,1537,358
8193,3441,1488,509
9102,3895,1220,340
6747,2870,1254,476
7959,4668,1556,362
5796,4477,1972,175
7308,4547,1314,225
7772,4211,1543,151
8470,4196,515,160
8286,5019,1380,294
9530,5495,855,59
6527,2854,548,30
5620,2262,715,49
8420,5372,1698,484
5832,4335,1819,218
8844,5691,1650,531
5456,2894,1382,317
5992,2764,646,163
7053,4906,1391,152
6624,4510,1840,657
9285,6859,2488,534
8793,6974,1162,225
6083,2705,832,273
7856,3973,517,31
8021,4311,688,159
5521,3395,481,145
9688,4081,563,184
5325,2717,430,44
8234,5909,2695,503
6974,2924,1097,178
9368,6811,2521,1001
8590,4070,1865,573
9796,5113,1938,385
7318,5029,1727,216
9581,6762,2692,298
7233,3503,1328,528
6526,3668,1248,317
5458,2711,387,117
5298,3206,410,43
8892,5877,975,304
6258,3179,1107,148
5589,3268,1009,319
8706,5348,1704,630
6100,3462,880,163
7788,4716,2023,740
8276,3787,1502,319
7158,2979,359,119
6830,2904,523,109
9143,7215,2296,230
5405,2321,409,116
9900,5488,858,140
6635,4755,493,37
5744,4251,2096,582
9344,4741,912,230
9650,6330,1702,639
5044,3478,1219,98
8554,6555,1301,260
8705,6577,2799,366
7271,4173,1406,308
5643,3479,1300,448
6518,4695,758,287
9586,6130,2384,436
7721,4188,507,135
7214,5628,1285,170
6230,4978,1355,429
5422,4192,578,212
6808,3664,1185,256
9701,4820,1139,404
9732,5812,895,352
6803,4856,1040,273
6285,3193,1060,261
7460,4197,797,146
8840,4071,1172,381
7475,5087,1913,641
9446,6564,2261,121
9511,5689,2307,319
8168,5676,2138,130
9051,5953,1748,562
7052,5442,1675,187
8839,5609,1154,101
9496,5153,2436,801
6312,4367,2012,505
5681,2401,1024,106
8990,5308,847,292
9677,7609,3111,598
6329,4316,2032,366
9415,7526,3491,970
5888,3280,1515,95
9069,5052,1867,312
9486,4020,804,62
7638,4157,1389,427
5701,2602,555,81
7956,4441,1866,639
7876,3156,532,104
9994,5749,1072,385
8517,6606,1361,173
7070,4983,1682,468
8987,4461,1495,569
9893,5025,1606,301
8821,4619,730,76
5714,2497,712,173
5915,4712,2221,446
8520,5684,2701,613
6006,4176,1220,264
8268,5604,1148,164
5865,3437,1708,393
8268,6006,1129,114
8175,4047,1766,448
5108,2836,617,125
7503,3979,1846,720
9931,7756,1144,95
6322,2627,595,186
7019,3019,1078,185
8563,6700,923,271
9818,6627,1701,655
6301,4123,1061,386
9827,7151,2177,195
6373,4886,495,176
5965,4524,1630,304
7280,5503,1451,108
7428,5463,1075,131
9722,4356,794,47
7852,5136,2105,207
7715,4601,987,210
8850,6303,2337,890
9634,7534,783,261
7378,4026,1965,463
7556,5303,700,114
5971,2895,757,45
6082,3458,1269,88
6979,4810,1682,514
7877,3425,1565,376
8090,6025,2939,272
5810,4455,1728,607
9027,6759,2402,555
9179,3674,511,175
8903,6422,1774,572
7885,5983,1045,174
5232,4151,1045,309
7522,3109,486,193
7351,4598,1904,593
7961,5992,1829,260
5456,3777,544,139
6474,4802,1480,298
6553,4451,1031,159
8703,3565,1071,160
7031,5282,1070,225
8922,5773,2323,368
7713,3848,397,40
5352,3596,561,176
7336,4443,1459,222
8717,5988,2151,388
8513,5015,584,213
7232,3189,1168,329
9744,7452,1345,504
6417,4319,686,178
5592,3833,414,72
5179,3661,1086,138
9947,6017,2412,817
5140,3523,1191,246
5976,2896,1292,358
5754,3380,1060,328
7224,4888,506,68
7250,5234,2312,905
7572,5960,2786,368
8634,6426,2887,909
6529,2720,478,49
5243,2467,1224,478
5871,3943,1910,263
7773,3364,1488,342
7008,5593,1859,332
9114,5363,961,352
9892,6672,1184,275
9694,4062,1249,356
5962,3411,1558,197
5658,2805,710,270
9439,4171,1241,216
8616,5764,1542,131
8768,6933,2740,346
6106,3187,444,52
9646,7441,2887,253
9654,3873,1603,355
9442,6280,2424,385
7737,4737,1756,391
9640,5279,1352,105
9784,5547,1627,416
9489,6075,1122,304
8995,5605,2112,293
8160,4922,903,225
8580,6805,2199,344
8464,5987,2387,250
5222,2461,427,123
8484,6506,1355,463
7179,4285,1181,122
5336,2164,776,279
9048,6463,1481,384
7450,4031,689,220
6218,4971,806,235
8833,5454,1118,401
7528,3825,1001,70
7417,5197,712,281
7513,3841,1846,660
9564,3920,1958,127
6879,3016,1352,187
9751,6463,2785,661
5893,2861,777,271
8806,4359,1023,162
9667,4442,1213,81
8266,4154,446,144
5191,3654,598,120
9550,5782,1841,582
9960,4844,2280,373
5772,2880,1356,456
5652,3115,1201,211
6757,5395,1585,343
5653,2654,549,207
7206,5196,1380,140
7925,5914,2921,741
6583,5148,2279,763
5062,3249,954,278
8689,3823,1687,336
9735,3984,1589,525
9867,5694,1488,323
9557,5163,1536,422
9302,6929,1977,331
9664,6173,653,45
8106,5976,1365,165
6165,3872,447,95
7636,3748,1701,617
7967,3822,1278,122
8094,4517,1181,189
9473,3900,545,90
6460,3869,449,144
6138,3124,632,151
8170,3417,882,172
6533,3853,1308,94
9564,6277,1511,588
6799,2993,875,290
7720,4967,1847,128
8035,6244,733,48
8001,4405,1365,188
5061,4011,858,58
8149,5808,2397,741
8357,3374,773,94
7173,5581,937,335
7448,4498,1870,493
5997,3839,1564,344
7754,4991,1425,127
5824,3240,562,53
8032,4639,1341,123
7629,4634,1282,159
5355,4210,668,57
5945,2897,710,115
6090,4663,1985,663
9856,7789,2346,237
7450,4246,644,99
9426,4702,2133,442
9388,5489,2182,577
9191,4049,1284,170
9510,6928,1433,379
5438,2859,396,45
7901,4121,1628,438
6094,4079,1431,466
8456,5280,2259,131
9405,5965,2240,845
8924,5299,857,256
6779,3933,1105,422
5410,2847,640,91
9394,4820,2150,813
5510,4394,920,192
6906,3875,1155,119
6531,3936,1256,386
5536,3093,1082,317
7628,5267,1865,694
7562,3550,1271,198
5707,2401,581,157
7236,5713,1727,666
8413,5167,637,226
6419,3981,1238,418
7967,4674,1630,582
8654,3634,1445,499
9631,6459,1026,187
9029,5655,1967,109
7820,3574,825,326
7156,4360,1140,366
5814,2868,831,107
9596,6295,954,297
5135,3425,671,119
6074,3150,394,53
7765,3398,1663,412
9459,6802,1199,64
7596,4972,1757,688
5080,3259,476,180
5170,3304,1251,408
8256,5677,2554,175
6472,3180,922,70
5688,3200,1198,331
6318,3087,1124,370
9299,3984,1440,99
6911,5270,750,185
8804,3685,1572,463
5335,2232,746,80
5747,3039,579,64
9942,5244,1447,544
6837,2843,1108,210
9999,7068,2523,368
6413,2866,461,30
7234,3149,1071,67
7381,3210,973,136
7883,5184,1874,500
7670,3587,1484,388
9482,5986,1386,178
7847,3769,993,307
6138,4509,1522,321
8901,4226,1744,575
6495,3714,1287,480
9381,5825,616,81
7187,5405,2683,555
5600,2721,303,20
8505,5512,2465,781
5465,2254,1041,169
5302,3765,699,194
9929,6065,2487,456
9383,7300,2122,211
7397,5252,1402,73
8244,4619,733,200
6588,3730,1059,399
5763,2320,823,301
9763,7178,2147,814
6510,4701,891,259
8612,5403,1592,318
8004,4403,1978,463
5685,4104,1752,532
7369,4746,838,129
9413,4479,1324,154
7833,3892,1329,98
9069,5824,1821,394
7645,5131,1868,153
8410,3745,1399,295
5333,3924,1026,343
5274,3171,623,64
9652,4632,1282,118
8852,5542,793,107
5559,4172,1664,131
7832,3305,1355,240
8743,4270,2038,536
5177,3237,1487,320
8176,3276,494,149
8261,3898,1241,114
6422,3176,1213,205
9009,6789,2928,573
5036,3070,673,141
7023,4585,2268,167
5195,2084,628,45
6317,3503,998,79
9688,5608,1507,149
5444,4004,685,34
6372,3044,983,153
7830,3336,499,96
7715,5631,2463,596
8158,3955,471,28
9628,6511,2871,590
7748,3382,1435,542
9367,6266,1380,431
6322,3599,411,66
8223,6341,2877,673
8832,4240,1788,526
6781,2894,1024,106
8614,5283,644,48
5340,4096,1243,331
6138,2954,1399,430
5261,3861,551,126
9821,5261,1599,469
9686,4258,1794,541
5081,3231,1177,324
9574,5828,1502,567
9530,7007,3200,760
7136,3148,978,68
8281,5449,2438,604
6128,3971,1368,374
8115,6475,1457,246
7061,3750,1723,371
7540,3150,1423,454
8511,4804,1069,322
7771,4552,849,95
5182,2837,1394,185
5292,3451,998,249
6185,3131,1562,291
9326,4413,889,277
9007,5234,735,62
6983,4823,497,81
6686,5058,1137,203
5562,3701,1235,247
9018,4968,991,315
9735,6801,2246,126
7818,3717,455,45
5518,3867,1887,458
7027,4162,994,219
6043,3071,1502,575
5185,3509,1101,76
9634,5458,1563,240
7252,4699,638,205
6443,4287,574,221
8839,4925,1504,598
9509,7553,1717,261
7778,4533,790,204
6830,5420,835,321
8698,4297,1389,544
7337,3424,754,68
8179,5335,2253,392
7415,4588,623,191
6607,4070,420,103
9820,7836,3736,940
7560,3027,323,64
9353,5437,2413,833
9036,4723,2135,154
7121,4067,1946,253
5940,4605,1371,405
5537,4005,1399,471
7766,3732,919,358
5496,3746,1830,281
6382,4032,1583,201
5358,3017,1171,164
8842,4746,1145,157
8757,5598,1234,267
7429,4365,1409,210
8940,5541,734,72
8791,6234,1668,114
7390,5814,1818,253
7194,4059,1623,545
5608,3199,1051,363
6100,4491,1149,295
5330,2408,267,50
8626,6213,2381,341
8271,4602,1873,119
5548,3140,1386,549
5980,3101,555,101
5487,2464,743,134
8186,5714,1623,306
7225,5487,2218,713
7198,4324,1302,365
9357,4460,1869,710
6912,3622,482,36
8364,3627,440,169
8672,6349,1312,336
6666,4054,1174,440
7747,6131,2455,779
7082,5020,1235,488
7288,5032,1994,248
7746,4455,1927,447
6923,3735,1124,425
7102,3624,1751,171
6088,4842,779,251
5571,2742,598,221
6706,3076,1534,278
8080,4754,792,162
7906,4800,2229,760
9453,4452,2083,517
7489,4043,1438,312
5911,3056,365,53
9549,6651,2020,480
6016,3581,457,82
8361,5943,1382,296
9718,4244,453,157
8618,4536,536,185
7676,3986,1510,86
7015,4092,2016,485
8788,4931,2036,779
9773,4929,1273,262
8575,6235,1464,129
8677,6617,3292,177
9192,6526,1257,242
9509,6468,746,266
9267,5889,1204,436
5726,3059,723,203
6117,4694,1385,531
8807,5807,2201,165
8293,6267,2271,408
9982,5801,2038,667
6915,3905,1777,611
9827,4233,1406,115
6911,3697,629,160
9609,5326,1301,368
6481,3873,1428,182
9451,5576,1729,106
6800,5216,1729,98
5779,3484,764,134
5929,4376,942,89
8248,3722,1042,260
9463,5950,675,92
5637,3467,946,159
7053,3260,966,164
7500,3735,463,174
9144,5487,620,217
9425,5735,594,164
7644,5809,1421,149
8803,4100,1227,94
5617,2931,495,86
6421,3185,1459,364
8371,5968,1989,604
7701,3745,1269,74
8312,6312,797,94
7504,5794,765,155
8202,3648,1101,193
7007,3410,1381,290
9912,5488,2389,393
5296,3955,1251,319
9114,4090,1372,484
6398,3440,1189,93
7187,4890,1096,167
9662,6659,3263,467
7405,4017,1969,473
6537,5133,1796,650
5795,3135,788,265
5681,3666,1612,589
8670,5602,953,118
9941,7159,2444,416
7715,4187,1740,254
9564,5395,548,132
5889,3340,910,259
9994,4232,866,169
6170,4276,1792,282
8331,5893,2766,750
6878,5008,847,190
9230,6329,1087,369
5040,3210,1556,107
5911,3698,1127,346
7740,5088,707,206
8929,3600,469,165
5548,3213,1560,539
9373,3898,1063,109
8883,5288,2521,691
7657,3518,1163,304
5870,2369,921,269
6581,4555,963,378
5281,3600,457,40
6922,3839,1591,429
8928,3805,636,164
6718,5307,2051,107
8630,3972,517,145
9515,5664,1869,418
7574,3853,1546,495
5902,2673,287,90
5670,3430,875,57
8245,3944,1322,427
6038,3286,1377,501
8317,5344,1085,294
7197,3992,1702,602
5945,3613,1297,159
6203,3056,729,266
9023,6121,1345,507
9034,5906,2249,336
7835,5305,2066,353
6618,3546,1258,375
8885,6896,1914,320
8741,5678,617,244
7302,3292,1085,163
9393,7420,2558,153
6759,4241,831,279
9136,6206,1125,73
9198,5048,2249,879
9631,5556,955,248
5612,3889,715,145
5299,3953,1380,422
6168,4836,1100,330
6224,4954,1369,254
7131,4550,1419,177
6581,2862,1352,467
8632,5450,1112,414
9396,4526,533,212
7980,5261,769,136
8317,4443,536,135
8610,5242,2105,828
7333,4871,2398,466
7456,5691,751,245
7535,5403,1155,437
7139,2915,1287,147
8575,3954,1814,550
5046,3771,703,208
7854,5476,2560,476
7643,3509,1162,457
9726,6181,3078,1087
9560,6070,661,263
7713,5475,2268,550
5820,4221,515,65
6462,4326,1703,251
8980,6153,2938,960
6014,4009,924,163
8091,3725,877,109
9184,6188,1211,451
5084,2991,815,138
5611,4438,1283,100
6015,4111,1351,335
5393,2964,1112,269
8294,6336,2199,434
7122,3505,489,100
8983,5272,1860,236
8556,3640,644,98
8474,5520,1732,381
6899,4300,1440,561
9199,5535,1519,597
9646,4655,1243,100
8420,5033,1359,499
5815,3394,658,134
5474,2237,942,198
5859,2724,801,140
7476,5687,1717,614
6055,4332,753,158
7129,3193,926,48
9249,7298,2006,757
9687,5677,1507,589
8551,5985,1666,335
9522,5872,1165,236
5819,4106,1716,96
7363,4896,871,105
6107,2601,821,75
9990,7646,1750,574
9441,6678,2588,596
8055,3935,1481,224
7603,3729,1414,528
8566,5779,2624,724
6346,4317,1779,672
9903,4306,998,138
5659,4312,1110,392
7456,5210,2328,812
6245,4956,2128,774
9333,5348,2505,841
7886,3426,1491,495
9659,7362,1117,387
7864,5702,1323,481
5278,2111,458,90
8519,5213,1311,166
6362,2563,556,41
5222,2823,1168,170
7607,5688,2163,761
7177,4805,862,343
8265,6118,1051,208
6226,3878,725,155
5706,4049,913,171
5977,3553,1325,321
7551,4539,1123,244
9029,5771,1556,450
7654,3492,407,59
5207,3422,999,190
7668,5691,1574,300
6306,2924,1091,176
6987,3848,695,228
9917,7617,2963,708
9032,4737,1833,450
7605,5704,1990,267
8211,5390,1311,260
5438,4009,495,84
7157,3271,636,233
9793,7000,3304,208
8562,3526,1592,177
5301,2957,528,148
6362,3256,744,194
8916,5853,608,182
7541,5322,1193,78
5072,2728,1146,411
5533,4065,1335,501
7036,4367,1954,632
7968,5587,2707,300
9488,6547,1234,402
7110,3237,1041,167
8512,5895,2370,244
8334,6088,2122,166
7768,3216,656,43
6352,2953,1449,499
5599,3405,1258,434
8346,3534,367,22
8391,4585,1405,422
6262,4607,766,106
5695,2508,976,124
5849,2667,336,82
5657,2532,598,125
8466,5231,1179,137
8314,4336,1979,102
6380,4635,2083,339
8007,5067,2175,417
7753,5179,2063,446
8098,4235,2040,393
8801,5251,926,169
9574,5249,2246,869
8171,4893,1807,672
8522,5754,2189,409
8008,4647,1258,477
7691,3281,1184,95
6632,3636,708,38
7886,5957,1859,308
6102,4450,2172,249
9040,6627,2477,734
5755,2718,1006,270
7428,3207,622,243
6820,4946,2158,677
9342,6225,2921,549
5702,3440,493,71
9888,6673,1874,129
9048,6988,2559,364
6436,2906,1317,149
6102,2854,898,308
6753,4294,1150,188
9095,6209,718,207
5669,3727,1194,330
6104,3061,709,50
6100,3958,1968,113
9687,6045,2050,421
7752,3175,590,220
5712,3706,1842,504
8825,5122,1723,602
9172,6799,2772,181
6335,4194,2045,373
9551,5909,2364,166
9758,7398,3531,597
8872,5904,1445,215
8421,4212,508,189
9503,5578,2708,910
5854,3916,1249,414
5532,4028,1645,96
8404,4314,1382,314
6393,4415,1785,149
7913,5326,659,232
9566,4389,556,115
9837,4536,2122,178
8156,4899,1343,529
9087,5129,1130,170
7837,3553,1655,198
8048,3501,1748,432
8124,6166,2131,467
6302,3003,972,141
8605,4707,2198,677
7145,4190,717,108
5903,2557,903,154
9846,4482,1893,558
7078,4318,1709,427
7029,4777,1907,288
8557,6313,2664,993
6630,4939,913,275
6587,4070,1311,204
9533,4906,706,248
9930,6274,855,136
8660,5622,2401,939
8115,4177,1774,652
7188,4793,828,157
5373,2523,823,232
7066,3662,423,100
8513,6572,1631,547
5700,3442,546,192
5219,2401,597,161
8225,5489,1822,445
5296,2605,1098,185
6277,2598,793,289
5262,3939,1861,487
8417,4829,678,49
8512,6051,1909,542
7071,5245,2427,302
8600,5412,1048,104
9793,4296,1754,693
7879,4160,840,305
7317,3667,1800,548
8279,5312,2139,546
8859,4999,1806,333
8045,4544,2041,328
9379,6207,2079,348
5849,2414,523,109
8124,3679,835,141
6528,4931,1654,212
8595,6312,1964,725
5484,4257,1971,622
5112,2473,783,214
9691,5198,1581,324
8433,3750,1047,347
9281,6089,922,98
7851,5594,829,81
6650,4303,1579,606
7847,5011,1420,539
5640,4066,1294,367
7485,3258,1533,326
9556,6659,2751,994
6198,4692,1181,364
8919,5872,2414,770
6053,4077,1995,554
6369,4186,692,257
9818,7162,3285,521
9232,5158,1246,178
9533,7085,2793,714
8194,4162,1547,267
9873,4404,1686,117
7144,3033,1385,535
7809,3430,1208,442
5728,3336,588,31
7841,5003,1838,650
9107,5958,1402,324
6445,4033,1942,440
6311,3046,686,74
8713,6502,1277,151
7525,3644,387,57
5166,3772,1677,410
9450,6479,3021,661
8283,4490,570,83
6942,3948,1049,348
8040,5832,1559,269
7675,6094,2560,304
7491,3725,884,172
9647,6516,1546,459
9077,3900,907,148
7924,3425,930,150
6528,3788,1352,122
8199,3339,1627,139
7113,5435,1691,257
5288,2932,749,226
5452,3012,322,76
9217,4888,802,271
5727,2975,1425,429
9050,3957,806,220
9124,5866,1059,105
9200,4612,778,288
5363,2889,968,58
8783,4694,1210,466
6509,3487,1163,385
6073,4565,2235,309
5579,3282,426,168
7118,4299,661,136
6752,4818,1587,526
9025,4721,781,293
7759,5463,1995,447
5446,2571,1094,292
7809,5336,2086,582
5540,2534,575,146
5444,3677,1600,183
6748,3964,1205,183
5365,2286,944,82
8032,5143,2493,504
5926,4009,1146,131
5934,2853,816,90
9365,7249,1447,130
7206,3537,527,104
5431,2848,1122,92
7788,5407,2158,658
6305,3027,901,328
9828,7552,3041,485
7739,5079,1002,344
6139,4294,435,111
9127,4085,461,88
6971,5079,1642,548
7429,4661,561,182
5700,4034,1741,660
8858,3796,1463,554
6352,4086,1839,540
7452,5036,1890,698
8085,4833,603,41
8282,6079,1385,161
6844,5309,1288,202
9295,4546,1510,494
8518,3613,1752,113
7328,5197,2120,668
8699,5152,1034,294
6553,2773,385,137
7519,3275,1502,99
8208,4030,1335,357
9313,3742,591,50
6919,4068,1767,123
8094,4436,1565,597
7529,3149,1435,183
7828,3885,1571,182
5231,3640,1122,399
8238,5955,1938,308
6933,2784,861,298
9828,4349,529,150
9186,7342,3479,404
8669,5717,2830,656
9776,6588,1460,410
7877,4346,1859,563
7039,4235,2113,462
8498,5125,552,96
8480,4572,1046,399
9245,6248,2049,401
7124,4481,1155,337
5859,4555,2218,760
5085,2047,361,39
9781,7375,1896,415
8312,6480,2547,619
6117,2807,1175,293
8496,4152,582,59
9094,3821,719,42
9146,4518,690,195
8719,5717,1715,458
9985,4859,1520,448
9785,7249,2862,366
5159,3950,1775,298
5878,2416,374,93
6962,4196,1309,91
6364,2585,755,92
9309,6029,2762,989
6367,3431,1067,110
9771,7214,1386,148
8779,6733,3167,957
8338,4997,2360,847
6609,5162,775,302
5011,3741,1650,565
9432,4137,1798,538
6063,3288,1104,397
6527,3499,1011,227
8351,4354,757,115
6361,4573,841,254
7319,3808,781,150
8634,4763,629,114
8087,3512,1351,268
7105,4319,517,138
7722,3450,477,174
9321,6968,1157,443
7208,5185,1947,543
5726,2982,436,27
8657,3478,594,114
8139,3488,1655,157
9827,4787,1022,250
6803,4076,1539,289
6296,4359,2062,635
8551,3758,438,114
9620,6573,1883,214
8258,5108,1604,166
7478,4844,1958,166
9182,7080,3438,1065
7252,5665,659,109
8204,5701,1437,293
6768,4582,1247,249
8839,6232,3032,850
5687,3805,1537,101
7101,2869,1360,236
8861,7077,1091,91
5200,3404,374,25
9367,5577,2723,214
5695,3309,768,151
7225,3566,1293,378
7753,4580,745,157
5096,3533,1135,153
8045,4036,1922,534
5596,4130,1573,189
7637,3698,1038,189
9241,6869,3221,1234
6240,3953,594,202
8015,5891,1694,626
7625,4321,1422,149
7131,3768,397,106
6464,4389,470,74
7457,4065,1411,473
7919,6185,2237,467
9595,6680,3291,1012
5502,3145,705,112
9199,4317,1023,75
6117,3808,1286,402
5558,3547,1407,366
9943,7829,2411,851
9114,6357,2206,199
7050,3535,645,251
9236,4661,1801,665
5808,3670,958,266
7422,3323,1099,257
6448,4373,1590,301
9126,3939,405,33
5636,3546,1171,439
5046,4001,1908,225
8214,6153,859,150
9551,7046,1010,116
9077,6353,1141,161
6903,5325,745,139
9060,6994,3087,907
8895,4134,1870,624
5623,2763,800,56
8121,6250,2603,872
6492,3310,732,239
5284,2916,879,85
6991,2912,917,133
5371,4080,907,72
6541,2805,939,206
5720,3499,1529,594
6892,3362,1607,573
8162,3354,744,264
6270,3235,1520,143
8798,5856,2054,750
7552,3290,1119,63
7315,5416,807,255
9032,6112,2348,363
8428,3568,794,179
5844,3281,887,272
5414,3916,613,169
6822,5271,1013,169
6183,4028,1404,471
8495,5712,1974,549
9867,7406,2098,724
7406,4308,1517,270
8820,6023,2691,245
8384,5290,597,107
6965,4722,860,191
7480,5632,1230,123
9987,7150,2365,583
6968,3142,1151,323
9349,7224,2321,118
6600,2771,1050,256
6925,4865,1355,128
5853,3009,1260,125
6309,4491,578,105
5839,2369,824,67
5491,2680,314,78
8273,3573,687,211
5280,3701,461,75
8451,4036,1362,513
6351,4896,901,269
6662,3759,514,203
7600,5226,2139,561
7799,5693,570,120
8233,6432,2055,652
9663,5649,2642,497
8141,5441,2259,113
9681,5283,1804,224
9854,5059,714,87
8594,5798,2412,533
6260,3516,823,246
6275,3946,636,155
9229,4424,2191,188
5641,3869,527,74
7558,5953,2305,225
8522,5242,1264,98
6395,3888,1697,177
9223,6840,2181,505
6851,3155,1439,452
6347,3537,1138,215
8179,3839,880,105
8910,5511,2668,535
8377,5416,1529,253
9351,7158,3150,206
9366,6859,2990,1114
7553,4974,1616,86
8052,5715,1716,110
6082,3962,864,134
7280,4574,1483,477
8919,3737,1232,272
5409,2216,434,99
7982,5913,2494,663
5327,2731,641,41
6178,3338,1340,516
8698,5042,2496,604
8059,3360,1673,565
6661,5226,2327,465
8496,3748,1659,336
8772,6906,2917,317
5748,3926,1487,261
9866,7668,1331,152
5250,2209,316,116
9240,5349,1758,289
8720,6811,2524,479
9977,6570,1709,165
7566,4681,2244,891
8359,5589,1120,280
9700,4602,923,231
8025,5604,2508,253
5654,2885,875,251
9327,4781,546,157
7923,5062,902,330
9532,3893,1269,189
5954,2510,578,204
9994,4060,1200,246
8224,5812,2426,312
5056,2076,618,173
7022,3077,880,54
5761,3702,630,220
9270,5468,866,63
8490,4639,1264,239
8973,4865,894,89
5408,4022,1046,224
6974,3006,980,377
5925,4564,661,66
8995,4446,793,69
9802,5832,2582,307
6151,4815,1701,643
9050,5932,2360,350
6360,3183,940,246
7344,5823,2186,330
5060,3672,1003,302
7075,3718,564,152
7451,4766,1310,505
8674,5399,1892,312
8734,5647,1135,180
6078,2728,1040,335
5607,3690,566,59
6935,3368,648,197
7570,3994,1558,498
7968,4925,955,334
6132,2975,1046,304
7083,5360,2049,222
5237,2969,549,92
6708,3127,944,65
9915,4207,2006,628
5674,4043,1361,397
5024,3674,421,96
5641,2436,433,169
6457,3984,1705,276
5538,3662,1066,385
7595,5797,741,84
6897,2891,704,270
5793,3122,1204,181
6440,2883,1146,380
5899,3371,1129,100
6729,3693,1479,285
8229,5251,1416,549
9808,6571,1909,303
5183,4072,1107,357
5265,2448,531,116
7471,5376,1935,506
8655,6391,2333,605
8384,5248,2339,583
8777,6276,1428,312
7908,4269,1523,177
8476,3507,831,45
9039,4160,1922,551
7359,3436,789,234
8772,6580,2732,876
6687,5236,2268,852
5479,3073,749,80
7565,5012,927,335
9139,4764,616,81
7156,4137,1920,460
9223,5979,2161,304
9115,6767,2895,285
7948,4536,1575,107
5680,3860,632,107
9041,4515,999,389
7653,4067,955,205
8021,3912,1064,67
9700,7236,874,250
9292,4157,1529,184
8075,5717,1190,83
7911,5163,1507,493
5154,3401,421,86
5716,4291,1625,637
6137,3757,1198,359
8578,3691,1705,257
9901,7648,1368,538
9303,4976,2403,852
8670,3571,1651,265
6255,3835,837,126
9067,4926,2262,510
8411,6431,1394,334
7851,4744,1112,280
8117,3420,1585,199
9355,4632,1922,132
9414,4605,1273,304
7209,5086,739,193
7972,3398,969,373
5214,2764,1209,290
7000,4678,1575,164
7552,4873,581,91
5957,3925,1033,70
7929,4945,1878,104
5786,2721,1231,267
6235,4175,2049,577
8484,6620,2877,1101
7170,2985,1339,363
7646,4165,774,87
5282,2728,1211,445
5017,2304,1084,388
9699,4905,1734,334
7568,3104,915,213
9952,6539,2776,623
6383,4116,1427,291
5272,3170,1366,225
9735,5116,1435,567
9932,7851,1345,494
6782,4392,2051,341
8617,6505,3170,839
6319,3301,1614,128
7773,5457,2631,817
6181,2487,739,255
8611,5775,2030,433
6323,4421,1999,153
8615,4376,478,121
7340,5866,967,66
6245,3742,621,208
9321,5105,960,244
6597,3126,819,290
8819,4075,1162,212
5415,2613,670,92
5187,3187,1439,544
7136,4385,891,325
9139,5594,2212,161
7166,5330,2611,919
7578,3035,1099,411
7942,4024,474,98
6912,5213,758,274
8837,3888,1693,349
6386,3051,745,52
8349,4430,1158,279
9288,6734,3056,1153
5585,3538,1352,320
9293,5782,2224,219
8445,6502,2399,489
7478,4448,1570,136
7108,5535,2225,567
7636,3464,1317,353
7737,4331,598,168
9829,7164,1348,92
8240,3791,544,188
6392,3005,1271,471
7679,4244,1434,215
9906,7642,3713,1203
6914,3268,1265,277
8377,6552,1953,460
9254,6189,2927,395
6914,4068,1978,718
7538,3068,1076,414
9577,5840,2046,571
7748,4387,1456,150
6743,4830,646,153
6537,4077,1655,257
5345,4219,1901,395
8835,3929,1269,363
9205,7050,1250,93
9325,5145,2186,264
5146,3102,1420,443
6939,5143,2172,137
5072,3418,631,164
7276,5664,1057,151
7461,5923,1677,613
9256,6077,990,338
8225,5131,1924,715
7621,3819,1463,121
8375,4272,2112,840
6144,3081,774,77
6635,4736,1848,655
9238,5969,1782,323
8470,5880,969,372
5972,4338,2016,101
6593,4993,618,179
7264,3332,389,155
8549,6412,1320,386
9815,6461,3229,959
7806,5988,648,183
5191,4004,1077,423
7982,4554,1400,421
5586,3830,865,193
9510,6945,2654,362
7694,3870,964,310
5661,3364,1226,130
7491,3773,896,64
6606,2876,459,145
5412,3675,1194,213
8696,5468,1755,218
8021,4491,922,293
6654,3227,789,279
9498,4519,1238,107
9166,4691,1524,297
9757,7735,2761,161
9506,7462,1116,379
9043,6672,1054,55
8064,3446,849,158
6440,4718,1256,459
6480,4550,1059,269
6809,5280,1893,626
5465,3206,1556,151
5433,3292,1126,101
8016,5026,852,148
6258,3869,894,255
7154,3759,1195,128
6734,3128,704,51
5992,4102,1168,457
5681,4346,1440,218
7848,5231,2000,537
8814,6448,1250,351
9416,5729,1650,104
9257,5573,1466,363
5319,4224,584,70
9188,7330,2497,203
6401,4118,1695,320
9066,4971,2187,716
6581,3612,467,181
8218,5495,1790,399
8290,4060,2009,724
6831,5410,2175,828
8194,5614,1885,386
6065,2816,315,31
5511,3007,375,59
9651,4723,572,106
6453,2803,1170,244
5851,3849,1221,336
9264,4092,910,250
9750,5445,2451,588
7448,4973,2111,274
9403,4367,1795,318
8969,6759,2767,538
5390,2554,450,127
6938,4469,2012,200
8253,6350,1134,152
9683,4242,1888,281
7429,3283,1499,346
5004,2253,867,273
8737,4744,1819,628
5201,3477,710,219
6268,3857,868,270
8339,4330,1424,191
6606,4275,1406,505
5791,3350,790,54
5512,2982,1367,326
7417,4101,625,50
5139,2794,714,185
9675,5850,1189,79
5054,2790,1315,360
7809,4121,647,39
9280,4903,1413,152
9741,4749,554,173
7347,3555,1462,228
9672,4975,1813,651
6230,4914,2147,181
9684,4664,1012,238
9118,5268,1691,632
9273,7079,3421,665
7890,3192,641,105
8289,5321,2455,952
9785,7319,3505,695
8323,3887,976,287
5689,4125,959,356
6972,4590,979,52
7464,5437,2376,592
5374,2302,859,257
9754,4178,767,150
5051,2309,1020,291
5444,4309,760,252
5868,4411,1305,209
8749,5502,801,130
6111,3736,1342,108
9457,4747,1727,663
6940,3364,823,50
8803,4346,615,132
9576,6626,2109,498
7483,4890,2289,227
6778,4071,1695,375
8863,6500,2142,328
6446,2731,355,117
7258,3008,1089,368
5156,3755,892,179
7953,4505,1780,359
6440,4290,498,38
6066,3407,997,174
7515,4324,1048,201
6638,2714,287,59
7349,4498,1295,270
6408,2654,426,35
9835,5316,578,61
6187,2813,973,196
9413,4585,2268,413
8186,6245,2316,231
5276,4156,1882,521
5526,2283,343,31
6073,4649,1015,52
7245,5364,2184,577
8483,5144,882,69
8326,4941,1671,118
6517,3615,1043,83
9153,6053,2064,779
6317,2987,1452,126
7239,3110,1263,434
9781,7745,3838,1235
9651,7030,1046,360
9106,5026,1434,375
6628,2825,561,58
7430,5816,2131,681
7525,3164,334,82
9109,3653,1670,415
6237,3214,1094,287
7112,4964,1828,186
6234,4601,1921,292
8055,5106,2033,808
8213,4796,1798,639
7430,3016,1444,253
5067,2732,532,210
5324,2308,318,23
9025,4401,1551,266
6053,2587,325,79
6893,5229,1682,449
7674,5242,1990,660
5405,3144,1162,357
8657,6686,1571,456
8223,3975,1475,576
6392,4994,1168,303
6010,2582,1090,57
7822,5630,2526,671
9064,4817,1764,556
5789,2621,919,341
7389,4911,1056,197
5670,3709,1061,72
5442,4210,808,76
9325,4759,1816,667
9184,6488,2336,893
9955,7651,1099,144
7832,4562,2094,599
5455,3091,1530,329
6795,3719,582,152
7298,5791,1217,82
5407,3478,1490,577
7344,5647,1456,313
7160,4151,510,163
6636,4996,2321,535
7819,4574,1418,496
8739,4046,454,123
6261,4004,1096,177
9465,7077,3069,689
7116,2943,758,247
7211,3702,563,81
9650,7512,874,284
6029,3063,1261,375
8123,4543,1381,73
8878,4715,1075,379
5621,2834,1220,283
8213,4573,664,248
9464,7010,1160,62
9697,5158,1318,463
5762,3925,453,144
6452,3215,1419,399
7033,3322,940,243
5783,4180,1410,366
8176,3688,437,150
8452,5995,2676,1064
9672,6331,3088,653
6150,3779,1719,426
6509,3802,1420,161
8122,4988,2078,388
6854,3084,1355,148
9596,4784,892,47
9310,3794,596,180
6153,4181,759,119
8843,6358,2894,1025
5601,3785,888,197
5061,3459,557,184
5107,3806,1902,377
7637,5199,869,296
5384,2908,426,148
9179,4550,1972,420
7066,3986,1746,657
8394,4912,1571,240
7035,3581,752,136
5701,2950,658,142
8149,5573,1233,384
6031,2912,1299,246
7662,5416,578,45
5509,2770,1064,54
5880,3307,1594,566
8511,4342,1740,476
8708,6345,1880,205
6902,3848,511,186
7265,5749,645,195
5717,3660,670,212
8350,3395,1170,242
9657,7011,1974,618
5178,3498,1191,312
9676,4861,652,200
8161,4140,1784,300
8342,4979,1850,438
5690,3792,1346,84
5340,4057,685,73
8016,3739,1190,416
8712,4067,822,229
9190,6238,2950,1002
6107,3219,922,227
6076,2982,664,133
8843,5968,2866,960
7657,3248,592,39
7438,4556,1353,392
5385,3533,594,156
9228,5111,703,43
7755,3491,421,70
5194,2789,296,68
5766,3301,1266,77
7859,3650,931,146
7919,4714,2209,121
5674,3038,1065,154
9615,7307,3088,1210
5908,2515,535,111
9203,6147,1137,434
6558,4516,1253,415
9137,5880,2534,359
7476,4550,1327,501
9644,4302,1377,213
7110,4573,1113,190
5112,3203,1079,168
8895,6805,2056,421
6054,4533,1291,97
6626,2704,863,289
9968,7912,2116,166
9269,5804,2408,523
8576,6572,836,62
6601,3034,733,204
6363,4317,1732,359
9763,5695,1402,70
9814,4452,1281,257
8767,3586,921,163
8072,3927,942,348
5983,2433,778,202
8484,5422,896,304
8114,4235,1161,116
7137,5577,2240,211
6106,3987,413,47
5801,4092,1395,530
9416,5400,2661,225
7511,3807,994,217
6527,4614,1456,111
7135,4188,653,206
5855,4682,1791,330
9888,6298,1682,444
8170,6029,2457,184
9092,4683,704,141
7470,4263,555,53
8664,4299,913,149
9542,6776,1150,133
9327,6555,2798,611
7918,5044,2033,737
6208,4298,2091,395
6229,3390,429,157
8944,6718,1444,463
9023,6937,3386,1054
8466,5634,803,259
9729,5343,1581,472
5239,3859,1398,169
7382,5848,1117,383
7420,4686,1923,349
8435,5600,2468,355
9752,7218,1870,638
9378,6274,2394,636
5082,2432,759,105
9066,5160,1919,692
6577,4240,1187,283
5181,3033,344,20
6138,4124,947,221
8154,4179,910,349
7300,3383,1588,169
7366,3030,834,129
8207,3410,1573,204
8317,4513,461,58
8256,3374,1190,91
5744,2921,825,175
6820,4128,486,163
6163,4299,1234,165
5314,3377,856,255
7029,4314,799,200
7510,3731,490,60
5214,2118,881,219
8356,3776,1296,301
5759,4565,1535,198
7791,6007,2777,155
8626,4523,474,91
6796,3590,1136,185
6506,4921,2367,352
7038,3036,850,250
6317,2959,854,254
5149,2302,294,110
7956,5954,2272,135
6817,2744,1110,409
7549,3063,476,136
7665,5561,1975,554
5111,3346,834,331
5894,3685,1200,92
7810,6007,2222,735
8616,5112,717,184
8576,5031,1108,118
9919,5637,2463,787
6621,4375,734,128
8132,4304,1549,214
9358,6245,2714,684
9849,6711,2348,509
8844,4285,1774,186
8897,5676,1677,512
5800,4006,1814,288
8905,6985,2590,575
8302,6438,1523,230
6016,2899,892,182
5470,3451,1238,170
8030,4719,1958,427
5500,2968,496,52
6987,3751,1861,277
5133,4046,648,80
5069,2101,666,117
5859,4341,464,158
9684,5630,1554,347
6862,4300,434,86
5805,4038,517,129
9703,5652,1804,585
8445,6713,1896,291
8055,6017,754,250
6749,3275,1547,212
6122,4090,982,340
8311,4904,1947,665
6205,3378,1638,420
8479,4584,2125,371
7656,3560,1327,258
6024,3512,376,125
6875,4388,1563,123
6070,4366,582,189
9737,5019,1359,131
5753,4081,1900,637
7335,4558,673,245
5296,2665,1018,233
5882,4204,897,281
8441,5411,890,107
8797,6878,1348,431
6734,3470,910,269
7503,5921,2499,225
8582,5339,1634,369
9702,5645,1355,431
8099,6074,1035,85
5375,2489,501,140
6733,3937,1883,622
9643,4341,818,140
7991,5156,1187,217
8943,3729,1101,160
6190,4902,1376,158
7998,3225,717,276
5185,4007,426,126
6256,4114,1767,120
8827,6435,841,315
8768,4763,1981,179
6232,3101,691,258
5754,2700,1254,260
6167,3777,1128,248
7143,3618,378,90
5076,3817,1172,97
9452,3893,1805,510
6301,2733,316,88
6148,2989,846,213
8372,3624,1376,496
5906,4318,546,118
6553,2631,508,151
8331,5503,626,105
7531,4384,1414,528
9794,6944,2957,1112
5178,2921,708,154
6252,4113,594,182
8553,5608,1740,229
5227,2851,1273,350
9728,4335,1453,115
6350,3639,681,239
9712,7284,1361,411
7270,5223,1235,474
8916,4891,653,210
9192,6865,2174,247
6756,3888,1900,405
7634,3652,1539,369
9427,7028,2239,761
5694,3401,1592,386
5666,3249,1075,233
7286,3599,1510,452
5780,4079,709,194
9291,5761,1019,318
8530,4119,1841,398
9368,4718,907,275
9775,5405,1738,677
8766,5379,996,113
5378,3883,1330,90
7445,3595,1015,253
5909,4109,1754,184
5476,4197,1711,184
5346,2984,580,165
7903,4317,1315,259
8043,4754,2340,143
5745,4175,1290,318
8074,3528,971,131
7052,3913,460,92
8892,3661,1213,77
5460,3314,1583,114
5353,4162,1925,225
7543,3500,1344,405
7886,3960,933,304
9379,6373,2518,428
6593,4458,1433,134
5667,3619,1163,439
8318,4131,1766,574
6580,2807,546,58
5771,2821,937,121
6148,4030,1373,86
7175,3720,1749,638
9311,6859,752,283
5321,3440,1002,79
5933,2491,511,51
8308,3616,1572,191
8130,4164,919,104
7583,4772,1011,383
5481,4246,1573,222
7512,3315,707,128
7093,5193,1355,100
5744,3613,408,110
5339,2912,706,101
6750,4436,1691,229
9798,6995,2244,879
8064,4382,687,43
7013,5385,2305,266
6428,3987,932,214
5229,2419,1091,269
5274,3263,1425,426
5657,3994,632,77
8123,5155,2391,449
7987,5060,660,99
7433,3055,811,277
7910,4629,774,136
9432,5152,758,107
7794,3254,473,125
9969,6703,671,58
9052,4283,1784,619
8452,4563,934,137
8026,5064,525,177
7382,4252,803,318
8430,5738,703,40
6128,4521,533,62
8208,3838,1603,499
5693,2911,306,24
5224,2477,1104,227
6465,3876,700,71
6007,2593,1247,267
9482,6604,2661,144
6587,2971,588,60
5978,4655,1010,147
5893,4338,907,108
9195,7243,1361,240
8369,3483,690,69
5055,2436,828,279
8915,6993,2532,587
6617,5252,969,153
6534,3347,1469,225
5428,3471,1412,191
7622,3681,1088,246
6198,4697,748,176
6825,3103,805,319
8200,5537,1405,379
6505,3356,1545,364
6617,3636,1619,102
5686,3520,402,97
6523,3724,380,84
7939,4837,1979,720
5717,3841,556,168
8317,4312,777,169
6239,4339,2075,269
7860,4455,1088,326
5330,2178,948,142
5632,4160,689,119
8261,4234,1575,460
6300,4687,1644,261
6443,4496,1772,272
5769,3246,703,143
5892,3889,601,169
6171,4916,641,243
6462,3379,1258,128
6789,3938,1437,198
7145,3282,351,138
5577,4174,1417,376
9780,6074,959,51
8212,3619,419,152
8572,5477,1681,250
6311,3705,705,170
8639,4517,1424,254
6326,2577,996,110
6909,3361,1580,411
6933,3344,791,99
7746,5314,1429,185
7452,3753,620,205
8232,6515,2531,696
7159,3390,1455,540
5085,3850,1469,298
6674,3644,1009,228
7524,6017,1949,144
8801,6350,1193,209
8732,5602,2208,148
6938,5080,1851,319
6263,4751,2232,430
7214,5764,1885,208
8891,4161,1663,580
5542,3513,1054,176
7170,3977,1726,119
5317,2946,993,185
7234,4723,1350,326
6521,3923,619,134
5944,4304,1814,448
8486,4508,1909,685
8016,4905,1107,66
8405,6608,1832,597
7560,3297,874,158
8904,4517,1062,195
6770,2983,888,227
5316,2259,682,175
8799,3578,469,40
5940,3244,660,179
7641,5649,691,76
5531,2747,1073,164
5185,2746,1063,233
9571,7106,1534,434
9261,4260,1415,445
6148,3041,826,249
7215,4940,798,185
7592,5287,1948,213
9862,5359,2194,629
5063,2046,478,187
6707,3706,1129,379
7468,5124,884,177
7059,4841,600,126
6620,3759,771,296
6029,3252,1391,102
6343,4318,1762,453
5495,4283,832,82
5769,4137,517,39
5767,2835,1222,182
7774,6103,2126,277
7481,4816,653,43
7026,3126,1201,418
7149,3822,1176,402
6808,4695,728,209
5009,3746,406,129
7378,4513,1967,144
5935,2700,577,83
9254,4158,1326,340
9802,5198,829,300
6182,2565,952,283
7533,4274,520,29
7784,5533,2404,321
9590,5604,1831,350
8607,6301,881,235
7869,5216,1681,475
7887,3764,1007,265
5097,2475,518,38
9472,5113,1888,595
8086,4974,2109,600
6743,4526,664,82
7266,3409,714,159
6365,2936,481,67
6236,2525,711,206
7820,3481,353,44
8996,6303,2381,135
5709,2410,281,56
8609,5529,965,62
6486,4153,1826,118
9067,7226,3086,360
5056,3392,1177,355
7019,4770,1842,699
8583,3740,1205,276
7607,5709,1466,421
5215,2753,540,36
9723,5104,2365,772
5151,3019,1387,286
7642,5219,2390,523
7466,3865,1796,594
6976,4959,2012,182
6525,3251,1491,312
9142,4105,1840,439
9952,6754,1394,368
9215,7082,3100,922
5370,4101,1330,360
9520,4046,1245,431
6846,3810,568,223
9079,4675,2059,115
8622,5016,1138,221
6647,2792,514,99
7320,4130,1781,556
6195,4859,537,81
7166,4491,806,44
5280,2570,762,58
8985,6502,2962,1105
7027,3927,1073,398
9049,3850,650,90
6520,3527,1043,393
6062,4398,1546,551
6998,3417,1534,446
8492,4506,1904,258
8085,4112,1690,154
6346,4818,1430,155
8326,4310,1997,238
9637,4781,2158,717
8310,6405,2590,420
5209,4166,1738,499
6404,4082,1887,601
7500,5804,1376,277
6536,4622,2226,277
8706,4135,631,136
7389,4977,2246,217
9478,6786,1295,434
9324,6500,2096,696
6898,4221,1392,524
6835,4142,1965,656
8019,5843,1220,338
6801,4594,1233,224
6927,4967,783,175
6591,3183,1011,116
9663,7600,1948,556
8311,5760,1600,547
9362,5326,681,200
5311,3397,1472,566
7896,5179,1249,487
6649,4790,1698,498
9344,6356,2243,697
8423,6214,2202,362
9297,5186,1004,66
5466,3107,440,154
7662,3642,466,135
9620,5832,1910,740
7552,4233,583,29
6984,4650,1205,362
6224,3990,1797,258
8379,6225,814,167
7126,3330,1199,249
9505,7282,1976,123
6944,3390,1504,523
7468,5140,2041,165
6512,3902,575,220
9270,6313,1369,342
7860,4830,1713,250
7374,4873,821,224
8676,6080,2557,957
6696,3195,630,203
7163,3846,1662,179
7724,5769,1194,189
9981,7330,1370,120
9883,6645,3167,968
7086,3699,1311,157
9624,4643,1466,455
8712,3653,436,41
5476,4236,900,285
8457,5533,827,190
8500,4804,786,270
9066,6129,1256,290
7315,4266,658,90
9105,4919,2261,651
6958,4178,559,86
8352,5801,2574,211
8391,6168,1799,610
9677,4256,691,210
5282,2249,699,49
8171,4380,1946,728
6286,2612,1191,144
6388,3819,925,286
7501,5472,2014,116
5464,2945,372,80
7502,4428,1327,185
9464,5959,1136,277
9110,6973,1530,221
6962,5365,1532,343
7161,4674,2175,117
7910,3196,1372,504
8530,4058,1026,341
7176,3449,1003,58
6834,4370,1964,776
9566,6533,868,325
9158,3989,1638,459
8068,4162,697,130
5796,3494,739,265
9733,6896,1289,451
5347,2875,921,181
8961,5366,1030,305
8123,4861,1373,458
5747,4429,489,164
8248,6087,1378,538
8990,6680,2568,847
5209,2430,665,162
7771,5908,2536,840
9257,5160,1464,228
5466,3377,1520,207
9079,5862,1511,232
8792,5029,1229,295
5951,3197,648,165
7417,3702,1054,170
9442,5716,2471,540
7688,5651,2178,548
9080,6411,1083,159
8167,4932,2318,161
6619,3555,990,86
9675,3919,740,195
9263,4474,2128,792
8996,4270,1179,242
7436,4724,800,182
6944,5335,2290,146
6915,3640,1092,418
7508,5385,962,337
5592,2974,1106,244
7205,5660,2789,1000
7086,3386,452,91
9089,5114,1400,294
7507,3451,1053,304
7583,3719,1355,221
6950,3074,588,210
5954,2642,459,57
7238,4714,1870,722
9248,6598,2426,908
6418,2775,550,94
9587,4683,574,161
6673,3526,1481,331
6672,5168,1927,490
6731,4302,1944,214
8588,3803,483,150
8087,4430,1306,298
7380,5063,829,71
9865,7806,2887,951
9881,6870,1372,501
5292,2500,512,26
8812,6412,2474,822
7824,3140,1349,335
7241,4293,1992,134
5669,3050,400,82
9881,7692,3251,635
7215,3018,1474,172
7155,3593,434,76
9901,4989,2319,524
6036,3436,1654,400
7172,5517,976,98
9055,5985,1337,341
5030,2256,495,69
9086,6632,3182,340
5319,3467,369,61
6927,2815,908,247
7520,5771,1914,738
8703,3646,1315,445
9052,5829,1105,389
6054,3876,1122,141
5141,3308,876,185
5056,3737,984,202
5215,2343,547,115
6869,4216,2012,241
5075,3194,1151,397
5254,2937,1186,196
5990,3661,837,180
7225,4337,435,76
6936,4880,2346,402
5166,2367,1066,282
8543,3518,996,395
9777,7553,1920,690
6654,3496,971,363
5985,4289,890,179
5790,3056,1057,123
8311,3337,1633,89
8982,4367,552,36
5728,2532,1052,320
6935,5056,625,110
8099,3792,1682,468
9283,7402,1171,285
7971,5141,1531,601
9503,5028,1525,456
9965,5998,2112,831
5662,4442,1519,235
5465,3576,1362,226
8929,6263,2752,628
5956,3558,407,91
8942,5482,2166,502
7650,6070,731,254
7860,5044,2105,631
6243,3850,1606,180
6431,4819,849,216
8411,4875,895,99
6953,4098,537,106
7352,5029,986,363
8342,3870,1159,87
6036,2728,697,269
5028,3254,616,78
6835,3235,1127,125
9494,5451,1684,367
7075,5106,766,278
9944,5210,1189,137
5832,4064,1935,101
9345,4963,1833,360
8819,3667,1761,441
8411,3672,1036,322
9154,5250,567,39
8441,4449,1854,431
9706,5703,785,85
6293,3833,1828,366
6058,4707,1047,407
5514,3247,1180,463
6520,4844,2124,838
7532,5575,1578,279
5326,4021,1093,323
9952,6122,1067,379
9701,4990,1952,443
8676,6199,1461,315
8088,4279,1502,454
8220,6233,1238,279
7959,3517,1391,353
9856,6615,2504,522
5920,3507,362,110
5732,3684,518,179
9486,4216,559,116
7435,5862,667,147
6595,4522,560,208
8838,4543,1044,257
6596,4985,2025,437
5197,3020,945,368
5798,2750,391,28
5968,3415,412,110
6763,3569,505,29
9382,6411,1598,330
7010,2863,634,103
7933,5966,2290,462
8543,4894,1713,627
8906,3964,1786,407
9856,6969,3340,849
6800,5408,543,89
9468,7206,1378,544
5300,2469,323,126
7838,3814,849,301
5561,4421,1498,446
5702,2743,566,113
6490,3379,594,56
5189,3368,857,315
9107,4704,503,119
7309,4038,1975,487
6055,4217,2052,176
8207,5230,803,262
6954,5035,884,215
7011,4979,1624,228
8605,6193,1384,152
5813,2738,287,76
7602,3822,464,163
6218,2941,1086,253
9593,4307,792,278
9050,6698,2111,243
6219,2497,525,127
7379,4803,1488,304
8425,6311,3152,513
7010,3273,1231,104
9808,7578,1808,220
7296,5712,2776,1001
6239,3945,449,79
5405,3604,606,212
7532,3575,1070,358
6121,4857,1053,165
5372,3737,1449,314
6382,3870,440,91
9241,5548,1162,422
9833,6363,2813,746
9485,4500,1173,238
8904,5687,1030,238
5338,2284,702,241
7705,4945,1219,192
9325,5873,1250,244
8504,4617,2028,194
5899,2572,1133,281
6117,3792,1013,394
8699,5001,1708,291
6431,3375,1307,495
6482,3702,1412,468
9575,4063,947,310
7442,3230,1177,364
9924,4542,2122,670
5734,3562,435,73
8986,4612,595,203
6542,3232,1425,556
6980,4552,1552,134
9931,6343,703,66
9562,5118,2079,112
6738,5221,744,220
7539,4216,1837,138
6981,3321,973,226
9194,6946,1504,437
5707,3885,1348,347
5849,4091,693,181
7126,5270,1660,641
7038,5056,1496,232
9498,7020,1376,367
7913,3885,1426,384
6784,4384,1052,154
5478,3671,1615,251
8409,4348,580,179
5463,4357,1777,284
6882,4975,1368,179
9114,6979,1568,618
6779,3124,1485,122
7198,2987,537,85
9841,4048,1089,374
9419,7033,2008,242
5974,3695,809,113
7904,4134,560,59
6197,4475,2067,526
5589,3675,1681,85
5395,3494,1228,437
5120,3681,845,153
7675,4510,1583,356
6301,2928,1422,194
6088,4669,2116,136
8868,6616,1099,425
7258,3625,1545,553
8541,4539,1902,279
9837,7161,3343,283
7680,6058,720,149
6388,4536,1844,447
8853,3726,1186,296
9672,5448,1717,636
8713,6189,1483,423
8452,4956,2053,545
5836,3912,1054,84
7126,2954,718,167
9817,4757,2303,560
7171,5045,1438,388
8627,4115,1715,182
5709,4501,700,270
5736,3135,1241,310
8642,4128,1520,297
7073,3379,1028,290
6660,3130,485,48
6017,3243,480,97
8994,5689,2107,637
7702,5801,2565,972
6130,4740,1549,319
7336,4694,1334,361
7767,5072,1562,313
9042,5500,894,208
8778,4693,566,127
9179,5632,2430,713
7687,3583,1571,437
9247,4892,1963,103
7709,3698,1511,119
6600,4857,901,284
5542,2578,369,39
7612,5319,872,278
5551,2367,841,282
6636,4405,1140,429
8367,5909,628,210
8683,3822,1835,434
7348,5208,1000,123
8196,5199,528,50
9563,6449,1635,581
7672,5288,979,182
5575,2593,642,43
8363,6014,2858,490
9352,6665,2322,822
5893,3881,1390,343
9783,5888,2669,732
6641,4914,714,99
5839,4392,615,34
5491,2931,1295,480
6174,3785,619,47
8315,4822,1897,758
9210,5250,963,341
5340,3904,1132,102
8776,5839,1484,593
5147,3034,429,142
6210,4442,1637,567
9197,7148,3158,1052
6198,3489,487,182
8120,3687,896,282
5399,4145,461,107
8351,6538,1270,63
8164,4601,939,138
6291,4148,1770,460
8906,3884,1556,247
5577,2334,1009,195
7725,3381,446,39
8131,5771,884,347
8934,5214,1155,104
5732,3795,1509,113
6491,4036,444,113
9803,4681,746,199
5348,3881,1160,270
6737,3272,358,62
5307,2509,354,132
9157,5925,1347,229
5162,3859,755,119
7970,5949,1453,553
5256,3024,1216,437
7968,5371,1003,217
7198,5255,1840,259
9627,4683,2118,201
6290,3509,778,256
5600,3658,438,133
6350,4672,1647,143
5387,2878,1112,343
9280,6018,1748,636
5901,2498,677,47
7529,5819,2319,449
5915,4485,1195,230
8697,6686,681,227
9157,7209,3286,301
7081,5227,1052,108
6141,2974,1021,187
8165,5164,1662,578
7330,3459,1056,417
9744,3977,789,190
9994,4570,1810,190
8105,5971,1184,433
9150,6381,3034,323
6392,4499,1458,260
8872,4989,2035,629
5559,2283,908,64
5172,2726,1328,291
5450,3172,992,190
7974,4331,528,201
6029,3620,489,117
6194,3994,970,349
6868,3071,749,60
9832,7503,1402,343
7240,4517,2124,620
9604,7130,2062,212
6205,3659,1687,585
7261,5028,613,219
8761,6641,1588,456
8708,5576,1359,315
6185,3485,401,117
9532,6008,2156,322
8008,3737,586,52
7596,5172,1234,300
7838,3252,1601,350
8979,5216,2462,490
9717,6008,1228,142
9883,5544,1252,145
7554,4480,1416,559
9434,4436,950,355
9278,4001,1561,216
5705,3293,1076,76
9551,7387,2135,349
9769,4610,2226,769
6140,3151,589,75
6063,4557,2020,796
6489,3289,1285,155
8638,4787,863,211
7826,3449,599,237
7503,3141,1039,99
7497,4979,657,78
6766,3109,908,233
6576,4099,962,313
7972,4560,2007,593
6037,2642,894,229
8662,4950,1762,353
9786,4885,1126,366
5814,4322,806,79
6782,3425,1078,146
9015,6125,2927,954
9398,6332,2140,317
6924,3304,356,35
9426,5865,2847,982
5868,4322,1873,597
9438,4154,1883,515
7672,4942,1388,388
5073,2373,1088,307
9474,4702,957,292
5761,3798,1597,255
7094,4648,1603,565
8781,5846,2812,396
8580,5294,1156,225
8915,6361,950,217
8973,5916,2288,760
8841,4290,2121,427
9856,4342,687,156
9738,3934,553,192
9248,3725,1014,405
7989,3535,1371,449
5005,2871,972,151
7015,2822,1343,118
7163,3961,1678,492
6220,4421,1454,422
6611,2984,729,161
6620,4734,2055,623
7798,3711,1095,78
7239,3556,1600,636
8937,4447,1512,331
9686,5128,1963,487
8768,5264,624,147
9880,6641,3294,792
8909,6329,2543,823
5789,2365,787,59
7789,3568,1116,415
9141,6392,2171,369
5197,3684,436,117
7528,5854,1439,101
6470,3341,453,100
9325,4570,777,260
5125,3226,752,120
8843,3815,1407,247
8143,5619,2653,730
5823,3443,1703,126
5731,3920,1569,289
7986,3701,767,248
8027,4703,1076,305
6394,3440,766,184
6527,3841,1672,426
5306,3306,1354,188
5153,3472,434,165
9466,7068,2105,839
9957,4910,1751,187
9245,5276,560,42
9658,4300,1450,160
9212,4916,2342,375
7771,4289,510,152
6549,3775,635,151
9555,7364,1040,72
5000,3819,946,213
5874,2511,622,160
5022,2840,1369,132
9245,4881,2050,164
8248,4490,1593,313
6468,4529,1616,519
7723,3698,1355,146
9952,6989,1176,111
7335,5624,1359,467
7966,5397,1935,270
5722,3230,366,33
9342,3970,1174,431
9525,4206,1828,336
8764,6011,1911,374
6392,2847,1269,493
5819,3291,1311,389
8505,6366,2008,740
9905,6086,1525,238
8185,4376,1585,415
8133,4004,1197,254
5023,3094,1539,615
5389,2888,994,218
8154,6389,1282,372
7674,3111,1509,181
7674,5971,1282,127
9171,4443,2027,171
5159,3248,964,241
5664,2863,1093,388
5063,3680,664,236
5735,3897,1261,93
5515,2722,491,161
9225,5774,1126,403
6430,4908,808,268
8155,3992,1116,65
8619,6253,1912,567
5699,4087,838,150
8508,4706,1625,495
5016,2083,434,91
6621,3090,953,271
8910,5253,1966,286
5250,3088,382,38
9711,4295,1907,710
9950,5121,1245,375
6485,3574,1096,416
9077,6595,1835,610
8832,6706,3217,418
6901,4426,778,229
8536,4348,1525,375
5295,3570,1540,226
9400,7311,1984,700
5823,2585,605,195
8408,4307,624,59
8849,5475,2126,530
9258,4966,2058,656
6417,4785,1078,114
9906,4998,2050,814
9115,6864,960,251
5719,4192,1141,401
6574,3071,647,156
7097,3105,652,103
8912,5977,2822,966
6996,3915,1607,331
9271,4569,1857,471
9512,7286,2165,544
7850,3418,1191,84
6112,4476,1854,312
9323,5822,1203,200
5886,2641,571,37
9444,5194,2354,203
8236,5054,968,241
7505,3519,1309,213
7633,3443,1609,363
7363,3749,1802,395
6969,4351,962,268
7668,5435,2609,906
9364,7347,1140,147
7194,3304,650,114
8350,3368,877,214
8126,6441,2601,805
8593,3908,530,97
6207,4349,821,117
6139,4355,1265,362
7976,3459,449,126
5567,4033,972,306
6644,3320,1148,257
8651,6205,2538,193
6155,3246,974,249
9238,6468,1806,288
8742,6434,1497,597
9865,3963,980,248
6739,4106,1297,265
7208,3869,999,316
6457,4762,1080,423
7497,4446,1553,345
9947,5499,2742,455
6015,2761,600,131
5535,2840,420,122
7189,5734,911,260
8632,6410,2196,682
6960,3637,1173,313
7847,5078,724,278
5186,4144,1094,194
8711,5885,2599,131
7021,3760,1094,111
5503,2290,945,61
7646,5502,652,67
5732,2947,873,109
7622,3486,1497,217
7758,3461,1179,69
9004,3987,581,86
8460,3769,1710,174
7089,4298,748,59
7284,5138,1977,501
7259,5495,708,83
7759,5232,1649,129
5599,2453,540,60
6432,5009,2457,869
6325,2544,1169,275
6818,4778,1320,312
5095,4040,1783,259
9524,7216,1412,325
7179,4927,1518,466
8483,5174,2232,577
7093,5673,2120,504
5700,3705,1035,183
9975,7304,2294,620
9647,4559,985,344
8873,5820,1894,221
7419,3007,464,157
6945,5023,2023,443
5394,3048,1517,595
9244,4651,561,79
6723,3385,1411,118
6603,5229,2279,242
8713,6503,738,41
8411,6017,2009,357
9059,5454,2493,404
9586,5364,1754,479
8268,5261,1763,188
8721,5390,2685,849
7120,5373,2467,401
6822,5384,1905,679
9194,7101,2170,247
9742,6889,1217,400
7395,4157,1819,209
7662,5398,1156,65
7417,5280,541,38
9364,4382,536,179
5747,4181,747,176
5759,4404,1873,304
9759,6836,3348,919
9319,6265,2422,440
8157,3972,661,222
8051,5274,2352,733
8943,5834,2473,527
8231,4527,1989,107
5087,2264,390,90
8428,4834,1481,272
6671,5125,1796,463
9526,6787,2518,267
9843,5331,1993,563
6921,3311,348,42
9928,5800,2806,1102
6652,4677,1551,522
7835,5281,938,106
7546,5683,2310,555
9460,4962,603,126
7656,4576,760,253
8413,4230,1094,337
8230,5837,1898,291
9322,5295,1414,251
5777,3300,730,51
8413,6106,2410,599
8536,5906,606,191
9666,5690,2113,415
7410,4080,1958,745
9325,6297,1008,98
6158,4784,2115,765
9388,5349,931,53
7933,3296,884,326
8074,6067,2972,466
7854,3664,1519,134
5905,4491,1094,433
9004,6589,1579,490
8862,5883,1346,317
9897,7307,1790,336
5771,2908,1425,198
6951,5159,1219,315
8241,5147,1431,296
9497,4471,826,187
5819,2920,1038,219
9224,6603,2859,785
9182,6767,1450,541
7508,5630,1042,399
5899,2794,783,268
9325,7094,2652,381
7733,4620,1213,165
6089,4854,772,194
6969,4115,708,276
6359,3184,684,166
9456,4008,1738,154
7301,4862,1476,520
7753,3116,1044,325
5291,3885,701,93
8910,4671,1689,456
6422,4279,1863,239
8172,4902,882,175
7376,4889,603,80
6535,2753,1006,260
6751,3231,1377,214
7029,5323,1989,216
7543,4276,1160,82
9106,5701,2060,558
5167,3011,1501,388
7437,5684,1986,234
8562,4107,1278,65
9785,7197,2273,221
8783,3724,1071,168
6487,4819,1807,421
7992,6083,2663,958
8092,5793,2249,277
5878,3002,570,71
5346,2382,587,202
9386,5634,1895,431
6659,4437,2206,644
8712,6339,807,138
8471,5102,895,307
6566,4062,1664,345
8813,6825,1207,441
8209,3440,1269,241
9912,5229,2602,866
7550,4343,1547,107
7857,5152,1502,434
7781,3408,1475,146
6957,5217,2132,776
6320,3327,1278,495
7858,3724,546,88
9459,6021,2123,524
7257,3310,348,66
5778,3074,376,99
7991,5951,687,119
7689,5503,790,265
9187,4707,1285,78
8539,4849,2320,717
8214,4953,643,35
7260,4550,1767,683
7561,3932,1191,76
7738,4748,998,327
6911,4901,1111,327
9847,6640,724,254
9683,7556,2872,272
8063,3994,559,97
9028,6060,690,55
7833,6108,1754,264
7164,3141,913,240
5364,3351,1212,472
5706,4529,1732,240
8362,3550,1077,182
5093,2776,1063,204
7882,3420,684,41
6169,3913,616,179
5482,4062,1919,180
6033,2997,747,267
5042,2428,330,64
7663,4690,2020,719
9935,5386,1859,570
6908,5045,1699,548
9891,4486,686,124
6592,5048,2034,680
5224,3783,686,168
9304,3777,441,48
5140,2628,432,156
6510,4983,1894,364
5365,3981,1657,603
9532,5692,1130,284
6102,3776,853,57
9900,4280,706,229
5266,3791,1065,62
5203,2240,421,35
5399,3550,1752,294
5896,2627,1068,289
9501,5448,1846,368
5185,2820,1095,207
5687,3218,536,107
9654,6091,2420,228
6845,3122,744,219
6682,3268,940,113
9214,4074,1850,374
8391,5548,2650,1032
5577,2348,956,358
8476,5622,2288,729
6961,5493,2185,786
8542,6455,2262,655
9873,5237,933,314
6107,2967,995,136
5779,4531,555,116
5350,3089,346,52
7088,3834,1668,105
7615,3429,1084,145
5205,2428,258,36
5036,3508,733,212
8737,4198,1566,266
8790,4145,1971,247
5447,2880,1260,68
6280,4806,1336,253
7646,4860,1041,332
8586,6096,1365,367
8093,5564,2189,797
7616,5940,2505,628
5587,3777,929,62
6708,3019,1054,213
7207,3465,1379,271
9869,6722,2946,1023
6400,3110,1108,310
5037,3680,1640,234
9390,7060,1501,443
8444,4777,1812,617
6555,3624,945,66
9615,4310,2031,614
6306,4887,916,300
5602,3332,1382,243
9691,6621,3129,1198
9201,4260,1588,541
5713,3518,1462,207
8060,5729,2603,488
5576,3563,797,293
7922,4372,654,223
8147,5262,2497,830
7441,5939,682,265
7640,5142,1510,114
9549,5741,1314,94
6150,4564,1468,296
8469,4982,2469,912
5829,3385,400,94
9305,5796,2363,890
6113,3228,354,36
8399,3599,735,226
7903,4353,1663,270
8341,5773,1211,347
7663,4559,1569,313
5383,3993,1943,303
5960,2818,1267,442
8806,4304,1870,348
8676,5706,1012,131
7315,5320,1110,114
7244,4912,2038,228
7046,4069,1595,371
6292,4739,1026,70
8769,5876,1595,121
5566,4085,1468,305
5597,4262,1322,390
9713,5944,1678,488
5631,3577,500,182
8108,5406,1481,336
7091,5594,2779,350
9106,6578,1557,514
7423,3072,1159,117
5159,2949,891,254
7217,5394,2254,664
6767,2805,1120,131
8738,5697,2721,188
9652,7509,2705,312
6413,3365,1612,528
7937,5467,637,217
6154,3228,848,120
5458,3580,1324,307
8102,6275,1833,127
5003,2739,1295,152
6345,4974,776,192
8886,4912,1434,188
7227,4023,1780,120
5727,4041,1628,588
5642,3071,1279,167
9318,4949,1410,453
7121,3377,794,157
5457,2377,719,213
9068,6665,1202,209
9234,5451,1943,507
8532,5634,2335,653
8309,4912,632,58
5058,2780,944,339
8902,5015,1655,287
5026,2170,446,145
5249,3514,1750,425
9566,5786,1735,197
6516,2779,1265,220
9692,6313,1112,88
5251,2540,1014,147
6131,2791,367,44
7887,6237,793,115
7069,3051,539,178
6134,4244,1676,130
8783,5961,2973,806
8038,4892,2076,360
6922,3005,810,177
7769,4015,1435,178
8019,3724,1079,414
5121,4062,808,228
7662,3368,1166,140
7462,3022,942,208
8559,4172,1314,137
7018,5010,628,231
6452,4758,706,151
8556,5823,1746,132
6135,3517,856,87
9435,6759,1824,409
9881,6628,1696,201
6052,4826,1855,554
7129,4103,703,139
7660,3639,1735,429
6225,2655,765,203
5068,3292,777,296
7081,5479,594,223
9455,6754,1634,296
9785,6780,2375,863
5558,3373,1412,561
5703,2692,1057,378
6574,3350,1103,74
7389,3789,1039,170
6539,4355,1350,119
5993,4450,2156,623
8759,3983,1937,333
8391,3468,1461,169
7297,4411,735,90
5568,4226,2001,362
8073,6333,2274,587
8542,5051,1470,423
7771,3884,1260,72
9620,6799,1975,777
6250,2923,851,54
8432,6152,1676,658
6170,4613,2114,304
6428,3371,951,344
7376,3491,656,234
5650,2511,480,105
7889,5080,775,242
6832,5416,1742,492
8258,4780,1099,371
7309,3694,1222,298
8814,6443,3043,510
6911,4736,2283,447
5532,2376,528,52
7348,3704,696,104
8183,4494,548,212
9683,4711,985,197
8937,6731,2036,610
7854,3729,1271,201
6213,4456,620,187
8977,6253,1239,268
5933,2401,280,91
6651,3402,1396,264
5704,3446,716,277
7777,3792,1242,142
9620,6995,1987,450
9882,4484,1304,140
5612,2618,958,136
5758,3658,966,223
9919,4060,811,90
9828,7835,2067,181
7202,4408,1893,656
6931,4578,1487,264
6851,3433,1684,503
9439,7379,3054,665
7406,3952,1700,528
7877,3553,1467,207
7150,4161,1152,97
8468,3818,1609,374
8311,6522,2297,625
8105,4879,928,354
9570,6125,845,270
6017,3572,1069,380
8738,4308,1435,438
8011,3750,899,357
7523,5914,2080,643
7649,4030,646,180
9017,3817,1612,259
7324,4408,1147,156
6951,3458,1349,199
9506,6488,2862,170
9971,5495,1074,141
8312,6428,2045,306
7265,4171,625,49
6492,4353,509,27
8814,6519,756,170
6753,5033,2416,273
6541,4065,479,62
5449,3931,1341,527
6105,3047,374,38
9805,6284,2424,163
8841,3653,1080,365
5662,3020,553,80
6460,3477,1186,268
9990,7487,1749,597
8073,4758,764,173
5705,3972,1572,569
5245,3086,779,219
5179,2721,782,207
6900,5352,617,194
8301,5394,1755,222
6089,3996,1220,134
9111,5434,2170,746
6459,3063,892,325
7289,5349,2340,248
9757,6784,1622,382
9282,5130,2046,223
8438,6537,1285,77
5551,2984,1328,298
8543,3550,854,222
9760,4922,1942,415
6704,3670,1547,500
6546,4765,789,103
9518,6805,2861,1064
7571,4338,936,231
5133,3492,1180,278
5309,2608,804,167
8404,6355,2124,266
6455,2740,1138,169
9929,5555,2402,584
9042,6543,1310,405
8068,4875,856,84
7778,5642,753,175
9845,4592,1755,106
6847,3428,995,113
9602,5373,858,284
6623,4925,1444,211
5853,4582,2262,337
5035,2128,687,162
7775,6034,2708,487
7892,5360,725,249
9870,5858,2699,563
9263,4608,1489,520
9819,5042,1593,84
5365,3571,553,184
9937,5645,1596,96
8014,3306,971,344
7214,5673,884,338
7986,5320,1246,448
9603,6872,3103,1122
5536,3638,412,100
5427,3720,1151,438
8431,3504,1445,133
8710,4839,2357,210
5595,4331,1573,230
5923,4636,538,129
5252,4032,1562,169
6895,5512,2158,771
7363,3152,992,140
8097,3445,865,320
5640,4360,1202,180
5266,2170,1037,102
7860,5927,2696,835
7900,5927,1266,85
6728,4147,537,173
7445,5599,2228,840
5985,4040,1265,165
5098,2388,850,284
8188,6039,2883,1070
6624,3712,1771,288
6815,3318,1433,462
5837,4616,950,80
5577,3758,1580,557
8421,3992,1751,372
6395,4784,480,65
8331,6080,1601,374
9435,4162,937,131
5738,2586,1131,372
5625,2753,394,64
6937,5271,1838,138
7020,4844,1470,91
8726,6637,3119,439
5231,3860,1118,264
6057,3713,485,132
8111,3409,1553,352
9498,6537,2225,655
9475,6128,2250,648
5319,2621,1016,254
6236,4800,2069,597
5067,3419,1352,475
6310,4549,923,59
8785,6241,3015,1029
9999,4507,712,124
5115,2618,695,109
6146,4330,1355,477
6929,4389,533,139
9455,4254,637,44
8450,4811,844,98
8150,4039,1809,682
6662,4656,1585,308
6249,2843,398,57
8235,5313,2088,249
8571,3524,995,243
9774,6611,1081,420
5585,2433,789,76
9987,4508,1144,153
8062,4770,1714,382
5568,2251,1107,138
8732,6908,2701,1079
6799,3454,1053,203
6671,2681,925,188
7832,5840,2391,302
6318,2695,517,169
6919,5187,799,170
5122,3685,1217,337
6675,2993,1191,132
9917,4415,1187,113
5787,4033,715,176
5809,4148,1473,165
7302,4018,1489,342
8935,6706,2786,1113
8451,4051,1355,277
8343,5375,1324,77
5187,2936,550,149
5128,2735,319,44
8601,5289,1376,521
5344,2784,1136,149
9535,4663,1870,703
9319,5742,2737,154
6513,3979,426,167
8465,6130,1046,152
6638,4382,1597,516
8128,4339,1374,292
6310,4259,1649,296
6940,3099,791,304
5486,2592,624,236
5636,3576,1357,354
7848,4887,1287,487
5089,3114,634,206
6937,4534,1000,177
7911,3652,685,249
5354,3857,402,70
6661,4996,1882,717
6463,3932,1548,356
8484,5717,2382,734
5258,3827,657,179
7194,4748,2210,677
8372,4803,1116,126
6930,4665,2135,771
5466,4221,881,297
7865,4047,472,127
5691,4100,1259,156
8826,7051,2200,551
5664,3993,1838,372
7004,3672,1351,76
8274,3713,1598,596
8727,5391,2378,759
9981,4456,1315,478
9633,5632,2609,681
9937,5313,2069,344
8398,4957,712,145
5644,2968,592,201
6024,4445,627,75
6949,3994,1331,137
5252,2321,439,37
8047,5297,2526,214
6043,4298,1965,432
6882,3921,1639,504
5229,3358,1514,547
5654,3270,1429,355
9654,4637,788,176
8398,5364,732,135
9576,6516,2471,383
6964,3479,824,50
5054,3456,1211,370
6411,4769,1686,126
9509,7291,3230,1018
7018,3291,541,162
5194,2425,1101,435
7373,5512,1266,72
5439,3665,1672,225
7662,3462,628,49
6922,4139,678,255
5455,3839,1329,305
7649,3668,1692,650
7994,6108,1800,187
9489,7082,941,155
6376,4064,1821,498
7680,5461,1632,238
8093,3718,1123,418
8930,4458,830,168
7406,5256,943,249
5101,2947,1013,175
7190,3396,924,113
9532,4918,782,257
9826,6375,3129,1024
6024,2508,297,99
6790,3118,365,60
5872,2824,1387,484
9660,7293,1375,222
9486,7162,756,133
6062,2939,761,117
5216,3334,624,125
8352,4544,1919,113
9816,4124,830,114
8188,3777,1612,224
9771,3929,1227,427
5828,4625,1951,571
5488,3621,1251,177
7155,3241,1303,230
9546,6619,1877,726
8816,5685,1526,394
5428,2620,738,217
6909,4126,1639,638
6078,3915,1084,304
9638,5250,1137,216
9503,7445,3158,581
6007,2630,699,62
5334,2402,669,57
7638,5672,753,137
8105,4053,999,196
8357,3778,1620,453
7209,3999,1468,310
7483,3497,533,162
5096,3066,881,74
9688,6718,3158,506
7209,5062,974,356
8303,4328,1861,121
6910,4671,1521,426
7258,5706,1385,337
8002,3224,1575,112
9565,6299,2446,235
8744,5244,1189,178
7050,3931,699,59
5497,2658,1199,215
6326,2844,957,272
7265,5582,639,195
7977,3287,891,158
8618,5066,1405,504
5173,2493,1022,363
9228,4234,827,82
5437,2941,832,237
6041,3180,419,60
7224,4223,631,162
8863,5293,2210,401
8793,5291,1637,407
7705,3488,887,239
9346,4376,903,92
7726,4092,1986,448
6481,2801,804,86
5136,3766,1225,138
9724,4269,2107,654
6424,3156,1266,468
7274,4763,1195,244
7210,5567,1795,564
5969,2709,699,175
6011,3460,1112,396
5703,2958,1061,398
9552,5655,2771,949
8354,4805,1886,703
5681,3584,1357,186
7943,3312,459,69
5607,4102,934,238
5615,2320,492,162
9176,5771,809,64
8904,6461,2899,470
6933,3092,1315,215
8271,5563,2314,819
7444,3604,614,190
9228,4424,1503,417
8867,3704,1151,132
5105,2794,963,224
8435,6385,2649,140
6951,4738,651,79
6933,4350,767,253
9158,6661,1415,395
7818,5740,1654,399
6272,3997,1336,461
8014,4200,932,190
8501,6394,920,136
5721,3089,935,321
8668,4067,503,78
6502,4055,995,347
7731,3353,394,111
6549,3172,594,160
8061,5957,858,66
7521,4263,1187,257
6176,3677,713,128
5565,3425,417,156
7689,4591,1006,54
9128,4446,2032,530
6835,5238,2288,444
6764,4543,2058,682
5442,3594,922,315
6151,4518,2040,433
5340,3581,1721,182
5951,2668,1289,156
5261,2818,421,127
7613,4182,1795,606
6377,4265,1000,178
5626,3837,1073,191
8246,5133,1859,202
9345,5232,2108,590
5891,4421,2033,187
8631,5368,2593,767
8970,6543,2669,692
8406,6479,1270,423
5798,3299,1000,259
6942,3584,853,104
5207,2857,1274,321
8545,3700,1103,404
8562,4624,2046,669
8248,4969,2433,267
5348,2579,554,45
8439,3976,444,171
6096,3211,596,185
8071,3553,1264,429
8615,5145,2179,795
8517,5571,2224,474
7835,4977,2096,746
7795,3991,1875,179
9411,7004,1329,224
6674,2962,355,60
6185,2477,573,35
9191,4170,1841,212
7224,4981,1948,594
9928,7103,804,170
6446,4554,737,190
8167,4326,2041,541
6987,5239,1563,193
6942,5246,1867,698
7300,5314,731,72
8032,5580,1845,94
7211,5310,2328,331
7099,4708,2170,493
6147,4829,1353,147
8986,5859,1961,628
7510,3500,1371,169
7207,3409,884,339
5672,3245,703,209
9923,6824,925,323
5452,2486,442,106
8822,4216,2078,506
6413,2763,1239,484
8041,3755,895,81
5640,2752,1189,301
7292,4545,1844,136
6386,3546,1726,684
6173,2700,312,84
7821,3623,1201,94
9539,5799,2205,331
8324,3768,1626,588
5438,3760,1583,124
8777,3845,809,118
6069,2889,1101,249
5433,4076,1727,680
7585,4652,1425,175
8832,7027,2111,690
6795,3132,865,147
7402,3190,584,31
9276,3991,1729,559
9124,7063,2125,470
7006,4604,708,154
6207,3319,1545,441
5102,2824,1236,343
7756,5274,1419,396
8603,5563,2295,376
9034,4899,815,206
9090,6144,3002,1072
8493,4561,611,221
9451,5490,2485,476
6259,4633,2312,304
8727,3903,842,64
9482,5432,2307,807
7111,3105,1445,155
5092,2115,1017,163
6081,4782,1856,620
5925,3703,1288,417
6577,5201,737,148
7496,5573,1603,469
6534,5188,1337,178
5199,4023,437,164
7811,5871,1257,481
7828,5398,2144,814
6064,4207,932,249
5080,3947,447,33
5864,4637,1892,500
8183,6363,2693,532
5212,3092,342,64
9469,7109,3088,184
7639,4614,1932,687
8870,5549,1933,676
7667,5593,658,107
8417,6161,2942,1153
7664,5591,783,76
5784,4230,1640,561
9639,5501,2230,596
6432,3937,1885,414
6367,3190,1528,591
5100,2985,631,160
6701,5255,1013,346
7744,5627,1487,195
6160,3357,1591,97
9803,6403,2494,309
9846,4936,2294,908
6472,3125,584,143
9104,5162,656,226
7881,3693,405,117
6392,3975,510,53
5708,3253,1419,127
5355,2438,1094,240
9463,6436,3004,1140
6290,4330,1140,110
7193,5439,1557,351
9129,6251,1101,347
9783,4763,1316,102
9357,6224,1011,194
7170,5668,1967,467
8067,5977,636,56
9888,5671,1538,430
5761,3908,1930,595
7008,2848,1417,388
7413,3614,1479,112
9768,5466,1200,62
9005,5081,912,300
8549,6423,735,162
9446,7515,2009,497
8673,5047,1434,526
5050,2808,371,91
5153,2332,1042,144
5561,2745,988,204
6054,2760,695,152
8678,4673,2065,595
5674,3965,1049,181
9419,3850,1691,581
8812,6596,1967,467
5263,3626,1284,309
6861,3756,539,170
7127,4348,883,69
8120,3601,1299,468
7155,5091,1345,158
6613,4712,721,120
7029,3874,626,51
8973,4524,1733,372
9412,5965,2230,375
6873,3636,1412,177
7527,5130,1993,222
9074,6216,3011,297
9651,7637,3728,269
7275,3936,1076,134
9958,4205,1727,88
7279,5488,2167,170
7659,3092,523,203
9059,5245,2164,412
7681,3862,1689,627
7141,4028,463,87
8814,4140,1282,413
8097,5423,1082,318
7497,4682,2216,236
6964,3911,522,111
5238,3487,1267,117
7164,3104,1116,214
9756,7250,1075,160
8939,5199,2111,561
8269,5344,1113,345
9925,5068,1910,706
9858,7776,1554,103
9511,5521,1418,439
6268,2973,689,65
9687,4490,1533,542
5920,3025,1055,292
6960,4935,1522,556
7519,3933,627,59
5300,2294,821,180
6665,3857,754,167
8075,3922,1063,328
9569,7352,3631,1414
8337,4578,2006,109
5480,2882,605,167
6638,3845,720,46
7196,2961,968,191
5388,3299,444,154
5812,4618,1348,332
6199,3330,939,326
9377,7258,3611,992
6170,2768,311,114
8498,5404,2434,796
7838,3666,1736,526
9392,7059,2534,786
9562,6597,2085,517
5747,4310,678,235
7957,5386,2010,428
6392,4276,1700,124
5404,3304,1242,387
7626,4714,621,191
7128,5083,2107,205
7318,4603,880,120
9090,5209,1067,144
5013,3424,878,225
7786,6116,2231,547
9259,7072,2306,211
9693,5138,1960,399
7431,4122,1498,87
8087,6332,2408,252
8472,4177,915,67
5901,2662,995,221
5548,3276,1371,98
8287,4793,585,224
9759,6042,2879,774
7911,3265,389,124
8583,4141,1664,323
5066,3652,1307,499
7085,3855,875,281
9921,7605,2214,353
8287,5200,2429,224
9954,4066,1794,378
9883,7820,1925,467
8410,4430,1131,267
7019,3843,714,270
9221,7047,1894,555
5000,3756,1360,289
7452,5022,1409,421
6585,2660,1037,178
5521,2216,936,308
8357,3938,897,321
9380,6613,2403,916
8074,5926,1880,116
6259,3066,433,65
5139,2217,478,51
8676,4951,737,208
5964,4601,1939,270
5211,3177,1206,255
7091,4915,2070,672
6538,4468,1593,554
9497,7043,2165,566
8897,7061,2049,426
6607,5233,1226,88
7982,4917,2214,682
8640,4608,1319,394
9860,7052,1309,173
8856,6031,2405,734
8343,5952,1398,183
9077,4719,893,255
5243,3320,1382,140
9707,4601,1283,473
6087,2969,538,101
8191,4486,1655,432
6349,4344,1853,226
5452,2844,739,257
7702,4092,790,307
8906,6409,703,110
8041,6154,2752,334
9795,7209,2012,478
7591,3597,1637,630
5255,3064,1169,370
8170,5565,1657,653
9687,6634,2517,897
7624,4259,955,277
7201,4091,731,83
7986,5038,807,289
6977,4682,2185,572
7869,3378,1343,279
8720,5736,2721,612
5925,3584,1453,562
9524,3954,1006,54
8984,3807,1808,565
8821,4231,1418,449
5097,2763,1309,109
6356,4476,826,320
9116,4794,1193,266
6705,4729,1182,354
7932,4752,486,96
8705,4210,1586,255
5854,4160,1910,476
9402,6476,3025,1095
8882,3680,1541,422
7336,5091,1027,286
5987,3995,1014,163
8092,4452,1034,136
5914,3854,1078,290
8181,3768,1063,107
9334,5927,2703,557
8289,3888,551,75
7622,3392,1366,405
7314,3513,1158,274
6432,2885,1082,92
9798,4404,2014,495
8878,6687,3186,830
8785,6673,695,105
6339,4396,1941,321
7560,5389,930,331
5890,3204,519,46
5049,3118,1445,561
9166,6653,3169,395
8728,5198,1342,180
8296,5763,717,133
6169,3512,1494,570
6643,3577,1568,570
5072,3746,688,214
8030,4280,2110,692
6049,3570,1478,343
7516,3331,928,340
7420,4481,1260,119
7159,4598,1084,259
9191,5112,2030,685
8356,5503,1912,476
5610,3234,1332,446
7871,4490,1413,153
5750,3272,395,25
8395,6244,2811,690
9126,6306,1771,520
5652,3293,1288,314
8904,5836,1170,207
6747,4921,998,302
6057,3527,868,326
6310,4655,1105,275
6961,3277,693,75
9981,6359,1451,337
9954,5415,844,263
7522,3307,347,41
9137,6913,3391,695
5831,3474,450,127
7726,4760,1150,89
6911,4195,1821,221
5640,3480,353,106
5730,3634,1497,238
8016,6000,1607,132
8421,6560,1216,377
7635,4945,792,97
9616,5292,2296,197
8358,5065,1088,292
7215,4914,1424,524
6026,3685,896,194
5511,2778,1241,159
5498,3534,556,141
6953,5253,2592,706
5169,2287,246,93
6771,2900,521,202
7408,5852,1693,287
8498,6129,1040,319
5010,2830,564,198
6031,2481,1227,335
7788,6023,2077,722
9890,7097,838,195
8400,5400,1568,407
6608,4737,1575,134
7177,4674,1083,198
6084,4073,1853,101
7512,5722,2426,754
8329,4686,1225,233
6529,3990,1607,585
6239,4444,1384,119
9837,5000,2126,122
8522,5459,1611,291
8989,4853,701,273
8232,3459,775,301
8894,4107,1435,413
6989,3112,1504,208
9789,6064,2745,598
6961,3118,1358,531
8879,5478,1745,574
6867,4762,832,236
6296,4110,440,165
5544,3878,933,273
6002,3580,1457,223
5111,3553,711,175
7416,5314,1151,165
7361,3682,545,135
6887,5114,1961,758
9941,7699,1652,375
7477,5177,1819,413
9959,7852,2431,362
5133,2186,1086,140
7397,3403,1628,143
6653,5063,1304,367
7037,2901,1220,302
5741,3646,957,220
8693,4411,917,346
7605,4426,468,128
7854,4355,1687,297
6511,3094,656,91
9978,6329,1850,401
5460,2626,436,71
8428,4743,597,100
5109,3618,1443,421
5902,3941,856,129
9960,6571,1327,73
8913,5348,1089,188
8917,4239,600,225
7358,4253,479,134
5296,3113,543,125
6562,3157,1326,271
9540,6111,3008,1041
8863,5364,1640,152
8643,4588,1937,305
6613,3193,645,160
6457,2950,1102,311
7953,5982,2730,441
6887,5341,1852,614
6906,5024,1911,309
8421,5369,752,46
5113,4011,974,222
8965,5261,591,235
9693,4050,674,111
5889,3235,708,113
8997,4243,2042,450
6751,4567,530,59
6273,3251,912,237
9004,5292,2162,426
6997,5413,1639,313
6032,4807,1607,475
7537,4627,2190,252
8828,4503,1623,648
8033,4625,1863,450
6667,5001,579,65
5963,2953,1235,97
5206,2212,594,186
7507,5458,589,76
5286,3234,1422,439
6136,4655,2246,678
6449,4347,1483,591
5777,2392,1089,88
8508,6082,1081,262
5880,2800,956,281
6430,2898,810,95
7767,4854,556,179
7370,4247,1490,344
8887,4627,1529,276
5194,3300,389,68
5025,3503,641,114
9929,5931,1279,410
8125,5811,1033,398
6374,3616,1302,364
5991,3591,1122,142
7886,4871,1202,111
7591,3994,1090,86
9376,5113,2487,615
8188,4950,716,258
5753,4333,757,146
5885,3649,1150,118
8022,3557,1746,359
9882,6842,2706,886
8704,5279,2260,728
6638,3715,1460,275
5467,3698,485,105
8725,4072,885,239
9633,6879,2173,498
6414,4403,549,74
9873,4681,1214,389
6753,4987,917,186
5003,2386,860,146
8189,5494,765,113
5534,3027,1254,448
8928,6269,2058,317
9810,4151,1034,305
6117,3058,477,74
7693,4525,1668,227
8347,5724,2492,489
7539,4871,2139,812
7792,6090,923,313
7700,4801,2362,347
5890,3067,700,123
8292,4755,933,245
8940,3845,954,190
5020,2242,606,215
9924,6024,2012,486
7003,5534,1770,622
9626,4791,800,111
7849,5579,1181,342
5652,3089,1225,238
9157,3779,701,60
8127,3783,1427,262
8185,5309,2138,361
9802,4818,1933,314
7724,5720,2266,610
6086,3327,678,130
6135,3007,807,72
9243,6576,1891,233
8132,3769,1805,411
9743,7610,1762,406
8639,4277,2032,127
9777,7099,3190,355
8862,5376,2182,610
6159,4284,1606,279
7358,3349,999,167
9173,4433,653,43
7935,3803,1120,207
5149,2336,256,18
6433,3255,962,143
9621,7080,2496,223
9241,6459,1685,578
8719,4556,684,81
6333,3459,1309,123
6514,4519,1974,685
9769,7126,2541,680
9033,5145,1707,653
9818,6835,1841,496
6974,4377,1614,462
6859,5465,1233,217
5417,3663,1215,377
9015,6267,1462,371
9825,7242,2512,265
6231,2847,816,85
6426,3514,673,185
6941,4140,862,125
8458,3899,1524,366
5287,2880,482,56
7168,4833,1044,205
7956,3979,1549,545
7722,4575,508,148
8762,3983,402,88
6654,2965,764,169
9489,5189,2489,461
6747,4660,554,154
9872,6026,2764,320
8445,5500,1790,300
9746,5469,762,219
8583,5445,2353,712
7743,4596,544,195
9815,5485,1673,262
7561,3097,1075,374
8855,6536,2427,821
8429,6582,1279,68
9177,5615,1164,332
7885,4563,2005,638
5606,3956,958,49
9739,3945,1226,273
6175,2812,782,299
9489,4849,834,320
8500,3685,967,298
7178,3002,352,120
9561,7414,1187,187
8190,3880,1680,355
9917,6318,2968,1182
9445,5813,630,209
7176,3691,843,55
7757,5111,2423,167
9012,4777,1852,468
7317,4266,447,80
7856,4338,621,82
7053,5390,2128,344
5872,4534,1686,650
6857,3768,1696,275
7181,3581,1442,254
5222,3627,1733,360
6227,3275,1038,110
9736,5767,1183,220
7082,4373,666,184
9666,7682,782,110
6234,3448,517,138
7808,4403,1495,202
8333,3560,933,303
7305,4859,2025,765
7422,3535,817,167
6196,3999,970,375
5881,2921,1012,285
8035,6249,2968,887
5277,2280,766,175
9259,7147,1374,178
7561,4690,1203,455
9618,7452,3496,1361
5149,3075,1294,446
7420,3101,352,74
7056,3380,681,74
6908,3734,1275,103
9086,7041,2782,630
5581,3927,581,91
5868,3759,1150,402
5428,3125,1015,243
6610,3825,568,211
8082,5342,1473,447
7356,5061,512,106
5213,3080,1169,362
6048,4350,568,220
5453,3325,527,130
9936,6020,2510,401
6707,4422,1174,211
6142,4407,1662,443
6079,3883,1404,547
6680,5137,823,177
6806,5108,856,255
9892,7003,2546,286
5412,3165,618,165
6362,4104,1135,348
5679,3422,1466,290
7212,2902,608,165
8397,5585,1323,171
8529,6535,1472,310
9716,5903,2351,796
6435,3012,688,82
9926,5794,1466,119
6683,2681,864,253
5864,4081,1242,198
7750,5172,1087,240
7607,5025,1727,625
9258,5310,1283,141
6843,3810,1079,345
5237,2665,668,151
6652,5098,2109,139
9515,5209,1646,185
8981,5585,2764,617
5626,3279,975,125
8269,5493,2506,437
8290,6571,2165,633
6699,4233,1935,670
9747,5486,2005,409
6600,4240,628,143
7501,3102,426,109
9176,6990,2836,310
9036,4222,1576,408
7534,4641,1300,433
7888,4353,1183,429
5015,3712,1352,158
8537,6702,2159,755
6852,2911,526,187
6720,3243,1459,462
7001,5178,1974,664
6453,3753,1353,277
5809,3793,1102,429
8733,4789,2290,689
8443,5181,540,75
6209,3146,1193,71
7387,4698,2316,258
5113,2930,985,306
6875,4623,1559,548
7102,4568,1907,153
5528,2506,274,76
6985,3326,486,87
9257,3788,1660,424
9389,5100,1850,642
6650,3385,1669,333
9351,4048,1064,122
8587,5763,1606,144
6489,4453,1627,649
7185,4777,822,261
8642,4262,917,63
9939,6473,2874,316
6666,3678,1549,448
6571,2655,871,172
6723,5291,1288,344
7380,5070,1797,445
9674,4793,810,85
7315,3831,1046,213
9490,7205,2170,511
7442,3735,1062,216
8242,3601,963,210
6772,4987,1247,494
5942,4034,1336,527
9688,5978,1452,251
5397,3355,1126,343
9288,6270,1930,254
8699,6648,1604,636
6701,4884,2021,393
9401,4637,543,138
5797,3811,792,145
8617,5760,1717,179
9788,7132,3317,344
8984,6867,884,334
7261,3074,1025,249
5445,2383,400,156
9364,4102,430,82
7639,5170,2309,498
5283,4074,1835,231
5232,3311,695,60
7554,4737,2104,681
5871,4320,1083,204
7792,6209,738,240
9939,7720,1464,302
6006,3860,1390,519
7386,5901,1076,386
9219,6354,2101,708
7467,5079,878,287
8044,3531,647,181
8218,4263,1578,559
9055,5734,2569,894
6380,4332,1729,215
5812,2793,344,101
5409,3913,1836,628
5386,4040,663,206
6099,4517,1765,98
8223,5056,1977,526
7899,4233,1187,177
6842,5040,1641,526
6486,4519,625,193
7835,3252,1590,140
9246,5551,698,116
6722,4901,2274,830
5242,3290,656,143
6585,3340,856,194
6823,2774,1118,135
9981,4897,2211,248
8898,5736,2169,159
7781,3900,579,45
8922,3609,869,96
6515,2788,959,52
9789,5402,2671,1063
8587,5031,1318,266
9499,6683,1477,284
7120,4390,931,237
9907,7049,3112,1087
6817,3135,527,148
5530,2986,1068,133
5510,3344,1469,456
6266,2545,1123,111
5934,4654,707,247
5969,4590,1915,587
6623,4408,2062,779
9260,4494,1856,661
7211,3282,1249,242
7804,5894,1808,656
5616,2892,1177,392
9914,5458,1803,372
6367,3554,934,273
5909,2867,853,92
7254,5004,1810,428
5052,3182,1029,70
7837,5920,2176,421
5243,2557,1259,339
6592,3532,721,194
5004,2991,1490,267
8723,5137,624,50
5691,4510,1547,424
5513,3519,1666,132
8493,4791,675,89
9920,5099,2529,837
6051,3817,1784,361
9164,5669,2503,1000
6696,4039,1255,401
6897,5362,994,190
7834,4713,639,56
7267,3569,449,89
9579,4429,1484,145
9701,7410,2822,822
7802,6234,1173,101
8403,5352,1582,601
5990,4138,1288,240
7676,4361,2000,122
6944,5171,777,264
9311,5015,2101,363
5443,2219,906,257
9255,3843,1431,503
6501,4747,945,66
7979,4534,546,30
6192,4873,2012,200
7190,4077,1320,174
7098,5524,1939,452
6139,3611,1592,615
9286,6395,977,235
9445,4885,891,312
7074,4382,1176,140
7468,3959,956,346
8062,5407,2595,778
6564,3223,732,279
9862,5356,2462,875
6840,4470,1398,485
7627,3977,550,41
5492,2810,1037,296
8170,4511,1799,283
6041,3918,647,90
9647,5144,1377,287
5048,2896,461,162
6056,2473,422,34
7566,5144,1929,720
7474,5416,1614,565
7795,5696,642,94
7038,4362,2066,348
7859,4479,1685,114
8289,3932,476,145
6280,4159,1614,177
9202,5803,2524,387
9492,5428,1423,269
5905,3813,1532,294
9246,7227,1560,515
8834,4013,595,132
9366,7360,3593,249
6547,4112,418,108
9208,6747,2087,328
9335,7444,1036,175
6743,5201,1760,215
9725,5442,554,49
7767,4529,565,78
5910,3796,1450,517
6878,4506,1909,677
6670,3276,1368,520
7439,5795,982,60
6789,4963,506,184
8187,3701,1479,261
7012,5585,968,268
6949,5548,1262,336
9761,5287,1109,122
9492,7017,3316,365
5168,2606,1174,146
7284,3380,951,137
8216,6094,2540,455
8884,5547,2208,462
8041,3414,983,172
9060,6641,919,235
7364,4075,1668,175
8572,4007,1487,559
9201,5620,913,313
7054,4148,1221,83
8405,6063,2534,536
6955,4113,1675,561
6935,4616,2254,390
5270,2854,814,161
5423,2406,1035,412
5877,2452,252,79
8107,4282,1528,224
8257,5510,1165,288
9549,3860,627,207
